"years","rcs_crn","rcs_sf_crn"
"100",0.96740509188224,0.906416320021935
"101",0.96801409882676,1.03982843834802
"102",0.943130941442885,1.00387972516772
"103",1.01107727641833,1.08746607207471
"104",0.908506280407334,0.980681619693841
"105",0.896942832051049,0.979342426136154
"106",0.927083213125631,0.995536720472873
"107",0.957772070235741,1.03348882667549
"108",0.94522688959973,1.01863403232772
"109",0.910488908613577,0.984042055478182
"110",0.924837104670715,0.977461233688194
"111",0.936055970735812,0.993964406008394
"112",0.97926662217661,1.00269314248649
"113",0.953286905272153,1.00808715096973
"114",0.965332666073703,1.02233504193984
"115",0.917129104850888,0.966073215959928
"116",0.965503695476824,1.02165501359174
"117",0.930879725648539,0.98182814361757
"118",0.93356671004603,0.968092835741575
"119",1.00477528610338,1.03397152852335
"120",0.9411149631159,0.978758564176783
"121",0.996197135085458,1.02842492351263
"122",0.967126542788092,0.99999769417477
"123",0.964186185270472,0.991015216834961
"124",0.893247461008856,0.947130229318516
"125",0.912392408122998,0.943281105974069
"126",0.936678770503035,1.01080756944745
"127",0.933240045130883,0.968919141163161
"128",0.900693628340371,0.931074631950756
"129",0.936367972637427,0.973302287167459
"130",1.00285952945781,1.03579864162303
"131",0.935010866952027,0.953849460204437
"132",0.904137890179548,0.923744659946648
"133",0.957075995620186,0.998972436987636
"134",0.962772090146028,0.983021893668971
"135",0.923662176048635,0.941223622425447
"136",0.928748223370448,0.947702300996155
"137",0.945078436488582,0.965116802055651
"138",0.976607613173917,0.996765749985104
"139",0.980152650870845,0.99946399573482
"140",0.930799370205273,0.946788481686173
"141",0.969382467127559,0.991004877803973
"142",0.954646707201513,0.976198910492577
"143",0.958556074824159,0.972156653244466
"144",0.984632408611637,1.00195657320452
"145",0.964308187932958,0.98318435079533
"146",0.997801149197998,1.00840682566496
"147",0.998174971210124,1.01725711692127
"148",0.981352114102007,0.999264517579428
"149",0.988578327010423,1.00330370842542
"150",0.906435017436046,0.925477274790148
"151",0.965705849028784,0.982454335451157
"152",0.945989717463668,0.961653498445998
"153",0.979908304550709,0.998030599666011
"154",0.945792860533342,0.966309858591809
"155",0.959425572903045,0.976305651466311
"156",0.966896665200773,0.980454658519317
"157",0.929333134520118,0.941578628203946
"158",0.947153143067208,0.963166394690935
"159",1.00486010143258,1.01599550330858
"160",0.933701942318279,0.950134193865895
"161",0.966384346887884,0.98406568442233
"162",1.01340591041106,1.02371631336955
"163",1.00215565201123,1.0202304444382
"164",0.998928040745064,1.01385699179265
"165",0.996786400505299,1.01342871010429
"166",0.984074485668514,0.999512323339713
"167",0.979168341026588,0.995331560372739
"168",1.05090589766205,1.06894846583824
"169",0.985198579392498,1.01167586417342
"170",1.04195937506919,1.05595487683224
"171",1.03079306534678,1.04938251077992
"172",1.01047797155918,1.02545311431071
"173",1.01990838048403,1.03695209734576
"174",1.0155293370854,1.02431792966966
"175",1.00492978374057,1.0152098569649
"176",1.04425523082045,1.055950501769
"177",1.05548998501755,1.0735927300875
"178",0.988956754566133,0.992776491565874
"179",1.0300156493794,1.04647067395287
"180",1.02579062978365,1.03993330680539
"181",0.966154995415172,0.981481812084543
"182",1.01559876851996,1.02825608812243
"183",1.02686930800778,1.04002055749959
"184",1.03936171754487,1.0519199719178
"185",0.985105486308031,0.999580882022604
"186",1.0011789494136,1.00579886514502
"187",1.02126455795572,1.03005167041528
"188",1.01491738714215,1.02614679322061
"189",1.00328210003579,1.01217158486986
"19",0.956515910396125,1.153
"190",1.04938368989358,1.05856537215183
"191",1.02986598167889,1.0401793209902
"192",0.994904541197369,1.00389279825796
"193",1.05314333856455,1.06574504577199
"194",1.03098664052283,1.03874332361302
"195",1.00104558713781,1.01038837176816
"196",1.07365508834879,1.08784783741647
"197",1.10674118914732,1.10420384262687
"198",1.05111642385071,1.06324243755933
"199",1.07510638195456,1.08960422333733
"20",0.981807516665705,1.191
"200",1.03811142006122,1.04816479181887
"201",1.01904808016607,1.02945023060452
"202",1.04119238924501,1.05136718918206
"203",1.02057908160548,1.0291168616759
"204",1.04770742971246,1.055212916431
"205",1.03263894866234,1.03764200475656
"206",1.03814142756398,1.05617498612199
"207",1.03574385656152,1.04551675384302
"208",0.996214696098836,1.00386225909988
"209",1.01910781246193,1.0267857094413
"21",0.98065740520451,1.197
"210",1.06275462892163,1.07259227588304
"211",0.971259608613364,0.984871728127779
"212",1.05494193181834,1.06424177798473
"213",1.04934762082581,1.06070835746163
"214",1.01927350856739,1.03539786850646
"215",1.01129939394237,1.02192483876688
"216",1.09080633289799,1.10091191225369
"217",1.01456538595253,1.02421116459748
"218",1.01109832428685,1.01919670046127
"219",1.04332861774091,1.05247495373385
"22",0.991950249793271,1.218
"220",1.0324124104183,1.03639836961039
"221",1.01466810887218,1.02952252552168
"222",1.04105563782016,1.04710663396403
"223",1.05939670028288,1.06570706663788
"224",1.00296573545474,1.01172811148203
"225",1.03631030605097,1.04436330626799
"226",1.05866920900719,1.06697279027223
"227",1.02248791584562,1.03214160225788
"228",1.06827701072434,1.08056457877491
"229",1.02441304682114,1.03410676307702
"23",1.02372449524818,1.264
"230",1.04953751507953,1.06081764345925
"231",1.0051643621107,1.01437367080556
"232",1.01000199572049,1.02823691500857
"233",0.96697526919086,0.974600937982828
"234",1.05752456467594,1.06999889925682
"235",1.00189852545079,1.00836301560299
"236",1.01461605275238,1.02311127711735
"237",1.07490122287086,1.08524414947278
"238",0.986160483100471,0.99538885280946
"239",0.997342168666738,1.00500314204558
"24",1.0170144541673,1.262
"240",1.00870189750413,1.01870974245849
"241",1.09314054817784,1.1047672397128
"242",1.01431824226309,1.02427039089527
"243",1.08813353146322,1.09792197079127
"244",1.0721277769911,1.08549789163498
"245",1.03864017872468,1.05103789727936
"246",1.01700065035983,1.02592716263241
"247",1.06109455342753,1.0698605346632
"248",1.12522112134086,1.12902800873098
"249",1.10899529722921,1.11957192128391
"25",1.03911961763304,1.295
"250",1.03073206626488,1.04244965339537
"251",1.03980137471277,1.04777211820655
"252",1.06489070918615,1.07478887511164
"253",1.08265988598992,1.09180645410229
"254",1.06039815638559,1.07007838960573
"255",1.02191237059004,1.03552429583101
"256",1.06862269021452,1.07694546336049
"257",1.0574807197053,1.06530085426746
"258",1.04477690587701,1.04848217357243
"259",0.995649155926835,1.00127495499464
"26",1.03626984800608,1.296
"260",1.04539197910568,1.05320463266552
"261",1.06046319183819,1.06760792276053
"262",0.988546180253812,0.995764468348374
"263",1.04074761958425,1.0388142661167
"264",1.03777950515242,1.04217130328218
"265",1.05591610807672,1.06055560046254
"266",1.0182505091709,1.02296470169825
"267",1.01594078820892,1.02042732517707
"268",1.04012816896444,1.0414790179812
"269",0.982389178878704,0.989589115616941
"27",1.04071129514499,1.305
"270",1.01748305508653,1.02181491576419
"271",1.01928994996716,1.02345093037074
"272",1.06410679678712,1.06722341629556
"273",1.00624792120958,1.00969460091453
"274",1.05594599881496,1.05892433880086
"275",1.03151667638632,1.0367693586083
"276",1.03151754375707,1.03341850689465
"277",1.08499259437836,1.08725761012
"278",1.03835411272811,1.04043050237911
"279",1.01294270013636,1.01158880232876
"28",1.03176327515679,1.296
"280",1.00441666134898,1.00754051306702
"281",1.02352622962058,1.02501649967556
"282",1.04910113302962,1.05254185499277
"283",1.03218604854189,1.03257573083183
"284",1.06529800569919,1.06867121238463
"285",1.02077682754727,1.01965635506727
"286",0.996910377113605,0.997207705326963
"287",1.0520546753041,1.05418973706508
"288",1.05092754292078,1.05340321399423
"289",1.04772476458153,1.04830973613142
"29",0.980071872137412,1.232
"290",1.06055854218703,1.06273137258318
"291",1.04227160549738,1.04343089629872
"292",1.0202012887956,1.01991480015158
"293",0.997823108100989,1.00015261484933
"294",1.03316465463717,1.03361022654164
"295",0.985731322590398,0.986174336724461
"296",1.03529521589177,1.03581756313208
"297",1.02670497028339,1.02641389957287
"298",1.02892964172719,1.0291463054588
"299",0.994112562173074,0.993484099817338
"30",0.952430551394108,1.197
"300",1.03351667968449,1.0338228325334
"301",1.01345376572871,1.01357922678246
"302",1.00916009221133,1.00857856570607
"303",0.963158198704026,0.961990929306236
"304",1.0003322026574,0.999563515961847
"305",1.00484135328995,1.00391556833658
"306",1.0400818480684,1.03377210635754
"307",1.03777889475825,1.03673334342342
"308",1.07626844184285,1.07573780519474
"309",0.99951760884775,0.999081517047583
"31",1.0228425031327,1.284
"310",1.02512386993573,1.02332361823488
"311",1.04987344900676,1.0502618849587
"312",1.03753422463767,1.03674609195201
"313",1.01638777394079,1.01674398352151
"314",1.01729542586517,1.01816865983066
"315",1.00849093556587,1.0085772063165
"316",1.0098196619305,1.00961322297054
"317",1.04020342427022,1.04049623909794
"318",1.0785736051979,1.07706258274005
"319",1.04840941026789,1.04677262993972
"32",1.01619003832443,1.273
"320",1.0675171884628,1.06829309072391
"321",1.03454587410675,1.03379624499592
"322",1.08835460738756,1.092624144782
"323",1.06203396224984,1.06453684789004
"324",1.06325836908183,1.06484336898571
"325",1.07275112681702,1.07370110242272
"326",1.09015359350258,1.08952363710601
"327",1.05173816722721,1.05429037584281
"328",1.02810219895114,1.02962956035859
"329",1.06247882177473,1.06237156920863
"33",0.979161002229983,1.223
"330",1.05058022265724,1.05221818376392
"331",1.05879644479984,1.06095691506645
"332",1.06044077416564,1.06362063490966
"333",1.03765584513024,1.03872988642066
"334",1.09183511710336,1.09252552510293
"335",1.02489665322452,1.02629443157543
"336",1.01815783417792,1.01980573746349
"337",1.06315542071524,1.06575686646317
"338",1.03846995586221,1.04019638398313
"339",1.07239785888344,1.07310983281531
"34",0.937847269806203,1.167
"340",1.07111222210097,1.07283313291784
"341",1.03673698184761,1.03888356292031
"342",1.06942455216027,1.07171336247573
"343",1.06806962458204,1.06974859611321
"344",1.01180857054308,1.0141196001417
"345",1.05622514042504,1.05783741349467
"346",1.09721949984822,1.09920896724468
"347",1.02945466798899,1.03120079007781
"348",1.03937164318749,1.03969183321205
"349",1.08040653691215,1.08313716064194
"35",0.921892140930329,1.128
"350",1.04156385869646,1.04391659380636
"351",1.08288585744198,1.0847862675423
"352",1.00771448087539,1.00948753879366
"353",1.01663513598009,1.01735661784107
"354",1.05023626234347,1.05350918130824
"355",1.05390562622735,1.05692508136326
"356",1.05600926537881,1.0587969957282
"357",1.0151795378615,1.01763319938573
"358",1.01220115527227,1.01743435922919
"359",1.05610848214665,1.05919621168197
"36",0.998384481789207,1.2205
"360",1.0211620755979,1.02286567853039
"361",1.0752469180354,1.07818351257438
"362",1.0193448850459,1.02236976640206
"363",1.05299658716803,1.05687886535603
"364",1.07284634532357,1.07816601746107
"365",1.03785510058537,1.04274037631524
"366",0.994163204999558,0.998185026688219
"367",1.02219259491899,1.02538707644257
"368",1.05772432825295,1.06061798130941
"369",1.08545902316171,1.08971355842559
"37",1.00320161779877,1.227
"370",1.06324951333002,1.06634191690036
"371",1.05287386864873,1.05529371012946
"372",1.0850308204319,1.08549094597081
"373",1.03712978545639,1.03859067478321
"374",1.06143354219904,1.06297554328122
"375",1.06851223893725,1.07090461595839
"376",1.03271912220088,1.03412949024238
"377",1.04295822108749,1.04281951994431
"378",1.04430543261725,1.04373677115776
"379",1.07018990648307,1.06882410606934
"38",1.02675612030783,1.2555
"380",1.04686740174043,1.04458217521448
"381",1.02029653379895,1.02231018540024
"382",1.03874732235705,1.03994392056624
"383",1.01612013106066,1.01688973937668
"384",0.978281436027731,0.979200801598831
"385",1.07957638995943,1.08094312616288
"386",1.0540756018526,1.05676002964933
"387",1.04531702006539,1.04715088738135
"388",0.989098807914582,0.989123030936531
"389",1.03142291540024,1.03408839998348
"39",0.985435863738895,1.2045
"390",0.9867485503894,0.987812432387362
"391",1.02029949871963,1.02166649277984
"392",1.05078607135307,1.05245480241671
"393",1.02330909400817,1.02454943174865
"394",1.00929128445509,1.01130444166436
"395",0.992443045082277,0.994089477447876
"396",1.04782637374501,1.04898644066994
"397",1.04306292590077,1.04533832653252
"398",1.07165868593523,1.07432902707403
"399",1.01007098091302,1.01220994328922
"40",1.00126918413583,1.2225
"400",1.01013029854722,1.01038553836206
"401",1.08609001556057,1.08781816247235
"402",1.01673808480764,1.0189066131665
"403",1.02831057501621,1.03033849766718
"404",1.06725294924905,1.07156994491151
"405",1.00716620273589,1.00892578391981
"406",1.0297777158926,1.03020208592664
"407",1.02037941336987,1.02185492067842
"408",1.07004961396164,1.07377244297214
"409",1.0291985760376,1.0324200598037
"41",0.944331488206115,1.1515
"410",1.05995121796531,1.06140439925871
"411",1.04948706637395,1.05277636843546
"412",1.08779975556019,1.090064749768
"413",1.13805425343464,1.13851602917117
"414",1.0488667145658,1.05091383920775
"415",1.03413412400005,1.03673679904548
"416",1.02805645190994,1.03244602805463
"417",1.04833384560432,1.05220601249939
"418",0.994014775022598,0.99588381953732
"419",1.01799896949209,1.02187690366483
"42",1.0218931346129,1.2435
"420",1.07148822818131,1.07532442992179
"421",1.01295181415674,1.01737955659549
"422",1.05548388621858,1.05892717810385
"423",1.00516290438952,1.00908814108792
"424",1.06298033938811,1.06487028868055
"425",1.05731206908873,1.05962387418318
"426",1.10695177872506,1.11038091111173
"427",1.06229283415035,1.06531142651639
"428",1.00590010563123,1.0069378275743
"429",1.00270764424986,1.00399880471668
"43",0.991890949569581,1.2065
"430",0.994769829997799,0.995511552252436
"431",1.06247671824254,1.0626072798022
"432",1.0142109671888,1.01670912917975
"433",1.00977868540355,1.01188864641421
"434",1.08807558008543,1.08997894378392
"435",1.01688456224006,1.01826508339955
"436",1.02563518626802,1.02816920721358
"437",1.06296511680635,1.06572686484106
"438",1.03249955427073,1.03513732127145
"439",1.01910464944531,1.02089028368372
"44",1.1108682393328,1.346
"440",0.978780121698945,0.982598381542263
"441",1.11416622338503,1.11677614747137
"442",0.916359002785649,0.918166687713441
"443",0.986510541940896,0.988681130511545
"444",1.00990175557198,1.01332053629638
"445",0.967579566845616,0.967675312061203
"446",1.00276358750822,1.00455234571295
"447",1.10805146524703,1.11077814736097
"448",0.942724902060576,0.945148511883797
"449",1.01884735649288,1.02055860740287
"45",1.08808366461896,1.313
"450",1.01032758131545,1.0124267730891
"451",0.991954972527009,0.993073797792388
"452",0.985664234846939,0.986862576349686
"453",0.9927489167608,0.994674416231807
"454",0.913903413652986,0.916539497019571
"455",0.946711279883635,0.948685281218751
"456",0.98558466622497,0.986567463899208
"457",1.10569337062309,1.10784129728448
"458",0.959754519436377,0.961995257617634
"459",0.97574315014461,0.978080515874208
"46",1.04635408737374,1.2565
"460",1.08033757857818,1.08336208281447
"461",0.979170600662868,0.98054709935457
"462",1.0627739980804,1.06507711531238
"463",0.975762773952919,0.975988650526658
"464",1.02796400723907,1.03018183421537
"465",1.06469686401406,1.06687675923132
"466",0.97105347393456,0.972391904783847
"467",1.05380848762204,1.05783446389976
"468",0.939951583549339,0.941756127338351
"469",0.960687825316927,0.960286544268239
"47",1.00971892847694,1.2085
"470",1.0102191462117,1.01215333806317
"471",1.01518899228818,1.01637465982754
"472",0.863843046743505,0.865534989017605
"473",1.01494676181587,1.01680359202828
"474",1.02695362978969,1.02899999883799
"475",0.950559792153823,0.9537718071903
"476",0.883719477211955,0.887103901649994
"477",1.00715853824742,1.01048311304453
"478",0.979896137621983,0.982730359114777
"479",0.982539066364331,0.98511435737617
"48",1.06835157645312,1.273
"480",0.940195351976258,0.942809538366779
"481",1.01774480113503,1.01957761927485
"482",1.00611999274558,1.00784360071946
"483",1.02774766570146,1.03050803890582
"484",1.03436962503388,1.03631434307513
"485",1.04438901378353,1.04633382829471
"486",0.951253787561364,0.951898464876104
"487",1.01487792058166,1.01650826503112
"488",1.04695138134534,1.04907865770567
"489",0.957837234603401,0.959801704928779
"49",1.01410255282447,1.17944943183129
"490",0.959426074604675,0.961905907547923
"491",1.02826279465156,1.03141027020862
"492",1.03052805877297,1.03298111389822
"493",1.0063379000365,1.00973884473364
"494",0.999746387459082,1.00026918636418
"495",0.985639469730744,0.985962298382825
"496",1.01520762754467,1.0162370151968
"497",0.989720178163463,0.992511381460307
"498",1.04401718634983,1.04544518954657
"499",1.0853948570809,1.08509117457054
"50",1.04919266601644,1.18016937043995
"500",1.00146880764518,1.00134318330693
"501",1.02518446969476,1.02696701861116
"502",0.960040142785717,0.962293954275986
"503",0.993753949260745,0.99448906753421
"504",1.01477975295533,1.01568378155575
"505",1.08422356151398,1.08789395324164
"506",0.900117614744627,0.902157415447639
"507",1.01038036997538,1.01210958289923
"508",1.03658506761172,1.03703420612271
"509",0.999174566192187,1.0002666386165
"51",1.00302852680495,1.18369683997109
"510",1.04183994219604,1.04312213354984
"511",0.920510559700409,0.921044218654012
"512",1.03388356789579,1.03439804669149
"513",0.956984259742459,0.956436766547845
"514",1.05838855627693,1.05895068134649
"515",1.01356946842942,1.01394589856384
"516",1.0320123719297,1.03256328285083
"517",0.950966429423218,0.950683029660717
"518",1.02344577117418,1.02366070667722
"519",0.954103847372434,0.953636691005373
"52",0.974505882319238,1.12072218865914
"520",1.08489146541307,1.08406677549683
"521",0.951873149595469,0.950060211747663
"522",0.915087152098721,0.915168947359865
"523",1.05759519352865,1.05642760664011
"524",0.954114638487177,0.953450988424384
"525",1.0515695963561,1.05019899189453
"526",0.924066887368998,0.921735697637809
"527",0.90155816956599,0.901159895001984
"528",0.888752935832436,0.886680685624001
"529",0.913856052472171,0.911470991375064
"53",0.998415792566934,1.20658833085654
"530",0.905502054646342,0.902572006855449
"531",1.01359731859432,1.0112009714745
"532",0.896008145858363,0.893169961478973
"533",0.907305115333911,0.90443947872996
"534",0.910255973767462,0.907141249989234
"535",0.94081727784767,0.938300315542173
"536",0.937734990433541,0.934817821785214
"537",0.890694272039485,0.888405375568146
"538",0.957297396825756,0.95503593373342
"539",0.952114600276384,0.948325549631959
"54",1.00034175844857,1.179803720883
"540",0.945594560449534,0.942383477907659
"541",0.949051633767408,0.947360001745358
"542",0.976631259522079,0.974397887918811
"543",0.905508133011025,0.903029760706961
"544",1.02315686726075,1.02106188072484
"545",0.967820389610248,0.966387303050728
"546",1.05407617012176,1.04826243257706
"547",1.04974996193969,1.04937321363893
"548",0.896759264023191,0.895321902340797
"549",1.00096808149019,0.998184026715581
"55",0.992684403014056,1.19969215769871
"550",1.07988595391665,1.07796528581888
"551",0.975812452768118,0.974000673253852
"552",1.06512545354923,1.06146084177375
"553",1.04009167731127,1.03631989878341
"554",1.02939089652089,1.02843089396142
"555",1.01152767804633,1.00878169102347
"556",1.03693214585402,1.0344881191347
"557",1.03510962695266,1.03117807813863
"558",0.983410117121458,0.979437766748449
"559",0.959214953161207,0.955869024090807
"56",1.01759119581534,1.19996689690659
"560",0.944339208922962,0.942730117334693
"561",0.960707248664275,0.958628868085074
"562",1.00585246841114,1.003018917649
"563",0.926499920059494,0.923478404115779
"564",1.00603526895442,1.00276272260523
"565",1.00682210529876,1.0049147226778
"566",0.951714388285547,0.949407240995079
"567",0.94153619745881,0.937993281259586
"568",0.980387667801146,0.978390516781081
"569",0.992444393969862,0.990920051387291
"57",1.01233475577038,1.19834227679369
"570",0.940239940298886,0.937995221200045
"571",0.982535469249578,0.981042587365932
"572",0.881111072950263,0.879434212647461
"573",0.953835545879444,0.953510171488905
"574",0.974046473715109,0.972124783182504
"575",0.891313734800441,0.891013259740393
"576",0.935277290221746,0.934026735643708
"577",0.913887115671931,0.912088452030251
"578",0.925356904668915,0.924961504351355
"579",0.898462894963011,0.89720565216889
"58",0.964865815920558,1.14874366090895
"580",0.905302035211559,0.903546556864551
"581",0.952682853309713,0.951223517143232
"582",0.798853830780287,0.797934870419342
"583",0.951080858741095,0.949480823279352
"584",0.882518012566945,0.880998561055642
"585",0.909300284296668,0.908081452802257
"586",0.971613748285989,0.969928531575955
"587",0.908970712207678,0.907638591006035
"588",0.921985311878588,0.920864124447119
"589",0.935167928756269,0.93327854251602
"59",0.969410735479581,1.15016655100881
"590",0.937377104544441,0.934176710346869
"591",0.94039622605962,0.939493044571892
"592",0.947477916097219,0.946208980510864
"593",0.991426968058583,0.988828154427239
"594",0.908425805164605,0.906533122335027
"595",0.926500078307369,0.927899958780137
"596",0.920367681651742,0.920744648056585
"597",0.88295982638134,0.882988373110236
"598",0.947631048209312,0.948600378268503
"599",0.933341444146561,0.934538348734331
"60",0.94372040964182,1.13685349493282
"600",0.902082622530816,0.902479649944253
"601",0.938101331804143,0.937552101954214
"602",0.896655955533191,0.895902031881654
"603",0.873212953339984,0.874008425078186
"604",0.929018649775394,0.930031977085896
"605",0.979380266334544,0.979239047361028
"606",0.873596607188784,0.873438999401752
"607",0.936606717407884,0.935327037901698
"608",0.888188447116616,0.888473123530095
"609",0.931522140557951,0.929778621995024
"61",0.959554414687104,1.13834846482622
"610",0.919438007536217,0.918121603176245
"611",0.89245292655542,0.892004492591403
"612",0.961689605108507,0.949343723989406
"613",0.981084894343589,0.982495093072491
"614",0.900042347476664,0.897923080976028
"615",0.872544147190923,0.86877958085998
"616",0.907957453449989,0.905615249099034
"617",0.920235133756056,0.917813797443563
"618",0.929683387780904,0.924447362677454
"619",0.9576184001477,0.955216436612279
"62",1.00346932958085,1.13789653442096
"620",0.869446567719743,0.867171514001359
"621",0.935010036329918,0.928721813208124
"622",0.965596236442988,0.964151648831262
"623",0.878679183783883,0.87607157689819
"624",0.871046483511755,0.870432038217298
"625",0.899180426591078,0.900895813521275
"626",0.91124504027936,0.912087949450802
"627",0.940734627944999,0.942566462563281
"628",0.951196173748011,0.951825307734441
"629",0.893008382152237,0.892890850214185
"63",0.97617039065384,1.12180434944381
"630",0.907689202827287,0.906182699398377
"631",0.847643833714821,0.84587828488736
"632",0.881667603626175,0.882603202364576
"633",0.930174839113325,0.921393705852495
"634",0.86553772131952,0.865104503190159
"635",0.950107288210536,0.945788594639282
"636",0.873825031665546,0.874754737297947
"637",0.847435465124619,0.84371060633195
"638",0.864162392991063,0.863805841967363
"639",0.953303931653154,0.949329997398252
"64",1.00568858802785,1.19617853071043
"640",0.885944034522765,0.887453950960633
"641",0.928490654227227,0.926932219128085
"642",0.955934831229879,0.955630737966816
"643",0.927738293950016,0.928527579119799
"644",0.974719769602283,0.975084735941434
"645",0.892838020366651,0.892618068122271
"646",0.961150838693499,0.961385290360455
"647",0.954378578279335,0.954599001764339
"648",0.984660808650681,0.985260413020747
"649",0.92851890026593,0.930307710819679
"65",0.899031071499915,1.08015414616742
"650",0.989669254630538,0.989477230187033
"651",0.900509426257774,0.900500907119267
"652",0.90981465315568,0.910073888353405
"653",0.870023061646345,0.870927293742244
"654",0.9392009509806,0.93761705101497
"655",0.871760183459322,0.869880533616418
"656",0.936930680455708,0.935620747145792
"657",0.936460727267146,0.93646588127321
"658",0.909978305144849,0.909271155502992
"659",0.916150413142754,0.915093297198689
"66",1.00637333485037,1.13328456854066
"660",0.927131672279462,0.925557093957178
"661",0.983681422602867,0.982686347527453
"662",0.927680891078624,0.92719388384677
"663",0.921437869240131,0.920082686402606
"664",0.863056367725217,0.859971080069898
"665",0.929010210170154,0.927051925993772
"666",0.908473328699798,0.907377660854029
"667",0.905194388796231,0.903921051107143
"668",0.922087158900064,0.919958773699465
"669",0.952401861009279,0.951486813144699
"67",0.921948994594262,1.06203210402242
"670",1.01047404779545,1.00966509797324
"671",0.887938751630347,0.887584739563598
"672",1.00970427910541,1.00902892179027
"673",0.906019349061849,0.90452618678962
"674",0.938346383318585,0.937265296187252
"675",1.01502757077323,1.01457401194646
"676",0.970981591148825,0.970097645328255
"677",1.01871696746898,1.01785697106179
"678",0.975105892707975,0.981290701628462
"679",0.972966889066705,0.971241557826101
"68",0.976580435895592,1.13906522386206
"680",0.925217905212525,0.924705452961411
"681",0.963804329547932,0.96342358035544
"682",1.04342539213426,1.04353103538587
"683",0.96769865076975,0.967000093079928
"684",0.989905257949311,0.987290357690573
"685",0.892625531730099,0.889872540774155
"686",0.953297320918022,0.952045524676738
"687",0.917489656946476,0.916613115910211
"688",0.925275411193828,0.922596802125929
"689",0.973009570353541,0.971105509537799
"69",0.966215174810277,1.10820122103561
"690",0.898755690446504,0.898797603010555
"691",0.955417935893099,0.953567954729848
"692",0.92531377296898,0.922702928880765
"693",0.96407347531754,0.959184897763243
"694",0.954992057815658,0.951525851679712
"695",0.893346547496495,0.888103793705961
"696",0.947270058510635,0.940689198242191
"697",0.899893255538465,0.895447640934509
"698",0.971636249865864,0.974863927129483
"699",0.909302874014726,0.897431357642169
"70",1.0444676446151,1.19550203035889
"700",0.932415299717986,0.926793322174261
"701",0.961192690774402,0.956165835164052
"702",0.894613118089522,0.884136285537734
"703",0.937353680978387,0.930098956601529
"704",0.93024707381324,0.929122678498924
"705",0.904312264825261,0.902851358795022
"706",0.854184478189981,0.853825636418375
"707",0.914436412877979,0.912721590985493
"708",1.00142934072588,0.998690835302342
"709",0.976119711600944,0.975998676976639
"71",0.970029169874205,1.12040269712584
"710",0.915311116571779,0.914693126920142
"711",0.860986263002074,0.871014141268167
"712",0.922401184392426,0.922234133912157
"713",0.925691169754086,0.92531765899772
"714",0.910578143996037,0.9104674198599
"715",0.909457978460987,0.909715648708583
"716",0.875809884994681,0.875003837513014
"717",0.870934720333923,0.871363662636278
"718",0.917851674581955,0.917826379542445
"719",0.891535727719762,0.891623382291153
"72",1.00780417765931,1.10673611131255
"720",0.892513436352871,0.891080651177613
"721",0.904271706396838,0.904678895729604
"722",0.950129501345285,0.950325565068664
"723",0.937721525728027,0.936862733533073
"724",0.856615991656051,0.857132690410225
"725",0.909079615075815,0.90883182783405
"726",0.947047173896145,0.94620609043118
"727",0.951812761917191,0.953159082517724
"728",0.970299681432989,0.969155444181049
"729",0.944497830349777,0.944210341663429
"73",0.965672744435265,1.05025213121609
"730",0.943725738295872,0.943074702148707
"731",0.858764839848303,0.85901362014616
"732",0.886633094082175,0.886805221765072
"733",0.95036009498404,0.950471370353549
"734",0.942904853228931,0.944096803443387
"735",0.968613670715436,0.971326908270028
"736",0.906324207117303,0.906487784078635
"737",0.938209090502998,0.93811209753385
"738",1.0144024307057,1.01283307605811
"739",0.910887045246298,0.911732417174319
"74",0.892569857447936,0.983390223739813
"740",0.957511331529045,0.957926171116698
"741",0.89421278411678,0.896270208173539
"742",0.922414871618825,0.923204681078873
"743",0.915112087650864,0.918429315328105
"744",0.905631157710752,0.906676457226263
"745",0.942701383484114,0.940182232625493
"746",0.943673787824465,0.943967575468876
"747",0.967312827578842,0.968201781315627
"748",0.889515433839343,0.891209949468602
"749",0.978569905147547,0.978980029240721
"75",0.962581721854609,1.05948186648518
"750",0.918467642558397,0.919355590229285
"751",0.939640224026314,0.940808794453025
"752",0.922921445301058,0.924564318265736
"753",0.953642970472316,0.954313482429791
"754",0.964021326252755,0.964804362222077
"755",0.924479573666046,0.925689742261274
"756",0.877306324495872,0.88040830884882
"757",0.959017894839163,0.961946871237911
"758",0.910439892193182,0.911432397868615
"759",0.973078999164715,0.9703698999038
"76",0.995451249797718,1.05023647013739
"760",0.876784438308975,0.877969301659505
"761",0.919966131955724,0.920509169703012
"762",0.871859773489177,0.873445079529403
"763",0.919837542167029,0.922411394897648
"764",0.917432523253246,0.918800097232987
"765",0.971723993023617,0.970482069502706
"766",1.02145217723317,1.02303085445501
"767",0.907488451673966,0.903808880277425
"768",0.848394837885799,0.849184019328124
"769",0.93199862673098,0.932437615044965
"77",0.933050792424713,1.01752785016054
"770",0.944469107105653,0.946204363521728
"771",0.920210373592717,0.921856729156134
"772",0.941939153877645,0.94456652257321
"773",0.995802967977041,0.993953204393735
"774",0.954705479427622,0.956227402955593
"775",0.933578003773497,0.934862722386571
"776",0.96553551172838,0.965800843518078
"777",0.998239688654055,0.996560172877655
"778",0.968889043529274,0.972164114584129
"779",1.01319548889379,1.01475507154083
"78",0.935356162010156,1.01450135534419
"780",0.916034369629049,0.916600927280494
"781",0.923468946058379,0.924705833523026
"782",0.956099330215702,0.955858647180062
"783",0.953221938185855,0.952549593925336
"784",0.926672940284576,0.92772339856787
"785",0.993815019089297,0.994507287267542
"786",0.985319256134199,0.987346257885548
"787",1.00305828065696,1.00462211607712
"788",0.956918118948559,0.958324023811108
"789",0.969339364474388,0.971957265633159
"79",0.91750148272177,0.993735047592851
"790",0.997633573978844,0.999798539481237
"791",0.937790529839474,0.941766312352414
"792",1.02474232568307,1.025842212067
"793",1.04595164282313,1.04674582439893
"794",1.00524466172097,1.00659518326618
"795",0.960637664382021,0.961148004251864
"796",1.01556404356511,1.01469089090556
"797",1.05211210344463,1.05236375623443
"798",0.944868964642827,0.945243206967488
"799",1.01648154212515,1.01749913941029
"80",0.920295273151643,0.993097263974563
"800",1.04176229499326,1.04316752024527
"801",0.94104026159602,0.940916273753581
"802",0.973497906519589,0.97385016659445
"803",0.98187468106695,0.981554119266406
"804",1.02359735412357,1.02425025677316
"805",1.00832805119768,1.0103086968742
"806",1.00965426809463,1.00976844899547
"807",0.941726969882011,0.941251020057327
"808",0.95070683145017,0.950502181711608
"809",0.942428497652172,0.941009244714676
"81",0.96002441010622,1.04699534821079
"810",0.989284153675376,0.987051376003818
"811",1.01783323021912,1.01619808136445
"812",0.944095224718572,0.946252183508759
"813",1.01629964662575,1.0167356415535
"814",0.959992746570857,0.959129968677818
"815",0.933490459377367,0.933376561508604
"816",0.901230059438889,0.90137447366311
"817",0.995967465702221,0.997303069020916
"818",0.984481219151842,0.98441472903407
"819",0.989589347606494,0.988097549939797
"82",0.970814584934829,1.06595413984489
"820",0.978456361241138,0.978657943592709
"821",1.00371542266797,1.00589709810363
"822",0.975284876101914,0.97300609511879
"823",1.01691499562398,1.01601782023711
"824",0.924258819895833,0.923352160144708
"825",0.994570761363314,0.995845652016112
"826",0.954574435856065,0.955248990269481
"827",0.936434508321232,0.935849485426604
"828",0.914985336887468,0.9158273461935
"829",0.986102556004809,0.986704175566182
"83",0.913376341333534,1.02403720293393
"830",1.0016949442973,1.00329336407724
"831",1.04135845446473,1.04228117977482
"832",0.930203584393299,0.931323808970132
"833",1.02830540400224,1.02687493618957
"834",0.965932392696481,0.965286716892249
"835",0.96366782351387,0.96504437332159
"836",0.990761346367089,0.99149759163443
"837",1.03811243375331,1.03721727357467
"838",1.01157822176901,1.01351273035357
"839",0.974388704601444,0.974159299291247
"84",0.963036422376779,1.05033666622553
"840",0.963121064431131,0.961238395833167
"841",0.94662256682673,0.947455331030359
"842",0.947482271741521,0.94603752622116
"843",0.96414375536806,0.962769413562842
"844",0.961311694796148,0.960502395500941
"845",0.959943651903355,0.95949095253192
"846",0.980797887949211,0.977389632020082
"847",0.949135065773182,0.947204814003814
"848",1.02766243467918,1.02588570006302
"849",0.98889110724657,0.987832673981426
"85",1.02179635758351,1.07456415636459
"850",0.950114019037399,0.94897575549823
"851",1.01486224221932,1.01383009775075
"852",0.920376191456188,0.918297677581281
"853",0.979437631419624,0.974714742192365
"854",0.970476281600493,0.968419720252282
"855",0.974435945720474,0.97280035170751
"856",0.94732414940297,0.944361629363103
"857",0.959407804783562,0.957706358167109
"858",0.942506945482731,0.9413865855623
"859",0.979970894821746,0.978429420576561
"86",0.990799256262947,1.02846466590024
"860",0.947337847046317,0.945916226772898
"861",0.897062705963724,0.896486783340216
"862",0.960996063173768,0.955096148313699
"863",0.948213107562227,0.946556545338901
"864",1.05752598713438,1.05489993691459
"865",0.977369136797958,0.975869519364753
"866",0.946825523795791,0.944952892716789
"867",0.968539122504193,0.965777597395665
"868",0.973450216402573,0.969661444465182
"869",0.919615371568909,0.917938533814022
"87",1.01614755629892,1.03930042744365
"870",0.90771704422701,0.906281296385638
"871",0.943172718271003,0.941215825241286
"872",0.941846667786763,0.939858731871431
"873",0.986074191422235,0.984771041387526
"874",0.923273706158181,0.922078352381748
"875",1.00490086725426,1.00247063847961
"876",1.0135674240266,1.01363672162191
"877",1.02497366463072,1.02424186119268
"878",1.02322367329905,1.02294172869476
"879",1.04627532722197,1.04472532405241
"88",0.998766259951519,1.03716400872803
"880",0.94653487218045,0.948171961373032
"881",1.00721190608109,1.00670101028783
"882",1.02308699002296,1.02145511560322
"883",0.968727176968948,0.966725132019939
"884",0.963301605555829,0.96115622059452
"885",0.915505116306727,0.913969209495218
"886",0.982619382882117,0.981752259803633
"887",0.978000060786227,0.979027678942291
"888",0.949494830890363,0.949218032157963
"889",0.939654438192348,0.943338421161563
"89",0.975721673046437,1.05221215308544
"890",1.02093874878752,1.02045661723152
"891",1.02207569072427,1.02344402981802
"892",1.00718897266706,1.00371744152114
"893",1.00905204611103,1.00563191080966
"894",0.943422094050522,0.942344181723323
"895",1.01700353889376,1.01295835243423
"896",0.994547504757568,0.994999781799056
"897",1.03552714110595,1.03545289888564
"898",1.04282674217886,1.04234648951609
"899",1.05443586345395,1.05736101021158
"90",0.994296777579175,1.02899047459768
"900",1.03660436191812,1.03664186042551
"901",1.06176800687983,1.0617509918907
"902",1.03258872331758,1.03472246441982
"903",1.05573368042236,1.05580681795396
"904",1.01842245429475,1.02012453289733
"905",1.0574407167623,1.05898629601413
"906",1.10064826572821,1.10351091446778
"907",0.991459669742631,0.994799126543853
"908",1.04291433668383,1.04512306470724
"909",1.10449685194421,1.10717056689353
"91",0.977495311313903,1.07374306791503
"910",1.04281122615939,1.0447821494662
"911",1.06602982754595,1.0684409615496
"912",1.00626906861166,1.00727615969171
"913",1.0977662176006,1.10059184524398
"914",1.0319435303715,1.035364802501
"915",1.09554478504218,1.09935457586653
"916",1.02045763253246,1.02230062692548
"917",1.0474650523652,1.05125387745135
"918",1.10180749002516,1.10597975678111
"919",1.00291221502008,1.00603019445086
"92",0.942919813297106,0.99506706858189
"920",1.06901314145185,1.07197761865856
"921",1.07752607679094,1.08198256314332
"922",1.0887524854901,1.09175862710197
"923",1.03503855526846,1.03756290013754
"924",1.08307493177943,1.08720906106718
"925",1.00572116708925,1.00914963836886
"926",1.10291384908419,1.10502770220646
"927",1.15149658517525,1.15511884485051
"928",1.10517120344619,1.10807656625437
"929",1.10434777370273,1.1073438098268
"93",0.987203048795084,1.06216967640696
"930",1.06236517152703,1.06499361924148
"931",1.12634045105691,1.13051022698586
"932",1.0955138429804,1.09872866586007
"933",1.02636229958667,1.02864565239583
"934",1.04655483050045,1.04726195024448
"935",1.09959577488007,1.10313622802785
"936",1.04028843116445,1.04246021856658
"937",1.04355031826303,1.04525354310022
"938",1.11871451524223,1.12202596861824
"939",1.09372975247102,1.09695623048862
"94",0.952112519768023,1.02573535777094
"940",1.06983452806997,1.07161110057438
"941",1.07408660315055,1.0764978575559
"942",1.05901149033296,1.06053232996025
"943",1.09260278585653,1.10062591566235
"944",1.20027879900212,1.2042817779875
"945",1.04367269822729,1.04619272569645
"946",1.0542280053454,1.05703862444176
"947",1.04138645007672,1.04432824965495
"948",1.02396727110521,1.02816270526263
"949",1.06594414208496,1.06937236286297
"95",0.957929648351896,1.0405678008586
"950",1.0415151821712,1.04471776428433
"951",1.15346843136381,1.15774102597323
"952",1.0985528332537,1.10207195390981
"953",1.05700610819383,1.06041095867934
"954",1.09280122649213,1.09697391221093
"955",1.13606008439419,1.1404237011869
"956",1.05595926252415,1.06583156785871
"957",1.00708419328775,1.01040882047465
"958",1.07076347913419,1.07649853358074
"959",1.17822993035236,1.18312494959569
"96",0.937035245587888,1.02802200960244
"960",1.08698235539064,1.09256154005195
"961",1.13046049218786,1.13582850156846
"962",1.10881983817714,1.11357831969536
"963",1.04947222465716,1.05325451621326
"964",1.02681575686867,1.03081116524236
"965",1.0745263991781,1.07840240752602
"966",1.1140337103997,1.11891335906356
"967",1.14619009129022,1.15064805933401
"968",1.16679503855835,1.1709420334329
"969",1.04390529431473,1.04650060322613
"97",0.941700031456169,1.04822219423783
"970",1.16737681322003,1.17331105103667
"971",1.1790824087423,1.1813576271826
"972",1.0444959922152,1.04724782608574
"973",1.06665060330773,1.0686827323054
"974",1.03988260702147,1.04364843934349
"975",1.06221282153175,1.06707170252199
"976",1.09674544124753,1.09951630804224
"977",1.16526383632937,1.16735970928556
"978",1.10070147987812,1.10281548255716
"979",1.15387070712814,1.15578378350312
"98",0.998769804051717,1.08860043012695
"980",1.0681495290437,1.06912710714727
"981",1.02032155568152,1.02122767981612
"982",0.995324171546856,0.997605665961019
"983",1.0748154131727,1.07654842903595
"984",1.19407676420619,1.19171389655295
"985",1.16302889876736,1.17531794522707
"986",1.16454177722609,1.16660105260004
"987",1.09688444008625,1.09842821485877
"988",1.10683543806543,1.11088414448282
"989",1.11854035513942,1.11955091168689
"99",0.998399822752018,0.832766687591645
"990",1.07308587263953,1.07376371810836
"991",1.07058861684733,1.07155855263247
"992",1.15462423551563,1.15462557558339
"993",1.04149593768135,1.04376015617783
"994",1.0730207027395,1.08043587355014
"995",1.09773680976507,1.10064319231456
"996",1.08658467699818,1.09045553928467
"997",1.13897943800094,1.14239248688955
"998",1.15698480800682,1.15920860956712
"999",1.02513063093299,1.02615488239814
