"years","rcs_crn","rcs_crn0","rcs_sf_crn","rcs_sf_crn0"
"100",0.979821351621475,0.853488719139134,0.90137901966287,0.833182407171097
"101",0.95957342473679,0.887683105261867,1.05965847882931,0.928865318730538
"102",0.941404671163841,0.835699722064896,1.0496490124243,0.880290487408015
"103",0.98864781460747,1.04564968434319,1.07148288407768,1.1041180542501
"104",0.990175410031914,1.0207903860918,1.06978438132178,1.07773947253841
"105",0.977712468625794,0.854147460769626,1.04628394165448,0.883072798679496
"106",0.97518176351346,0.954912884778014,1.05642442880762,0.989687096711959
"107",0.962763910481905,0.966858379648861,1.03568176673386,1.00506205367393
"108",0.978981999017893,0.768622979608321,1.05199953138587,0.788121534361596
"109",0.974502808332826,0.913556070851492,1.05271776792885,0.944165871426089
"110",0.954289247656456,0.959262007899234,0.993418890583936,1.001740713119
"111",0.983892965823127,0.881665160987702,1.04334119900693,0.911136953265099
"112",1.00510466056751,0.965274890078537,1.07354138504131,1.00175267283492
"113",0.978750443275096,0.981095442614168,1.04191737878991,1.01491550977523
"114",0.956643309617176,1.10037368736463,1.0102083499376,1.14685222312596
"115",0.970751224239415,1.01797767844542,1.03220803396508,1.05752810830364
"116",0.971528854779567,0.862169495055997,1.03000136939417,0.887785550698172
"117",0.964792389474177,0.894474243820668,1.01649393664497,0.927437422463027
"118",0.955605086639944,0.964546669579284,1.00620361480624,0.994911024576175
"119",0.98041204615989,1.07478730005136,1.02569910899768,1.11555834592221
"120",0.98000848034283,0.879663168930735,1.02507248266537,0.909021110167984
"121",0.949978423015106,1.06972287002058,1.00034305087566,1.10536045526394
"122",0.99254943692643,1.01540303544947,1.03515067444433,1.04385683489033
"123",0.974833763748941,0.968568733518647,1.01409776096246,0.999017754283887
"124",0.96898441916559,1.04133152745141,1.00084629857324,1.06863812441946
"125",0.971346296007823,0.979354555892594,0.998123757687906,1.0021206675497
"126",0.967400111242306,0.88552292980656,1.00772810911132,0.904252081378699
"127",0.954987526344492,1.03675622516319,0.984386857140932,1.06212198503851
"128",0.980466980869478,0.957718710932776,1.01034153489904,0.980868878518422
"129",0.951934329875146,0.786773024481682,0.970243420544706,0.805040822539988
"13",0.845421367186751,0.871601933675709,1.03,0.975565857880052
"130",0.994469522781698,0.854792140637903,1.02370861163036,0.873482427284687
"131",0.977947336460231,1.01395334962403,1.0062666191553,1.0342119512645
"132",0.935496199511317,1.03736388850778,0.955998679461737,1.05874170257566
"133",0.955455001650768,0.96673028960915,0.97535330251438,0.985142112302378
"134",0.980091201560003,0.927111283627491,1.00050205753898,0.944386241950996
"135",0.974840091993292,1.00878855319131,0.993819934551419,1.02626626648792
"136",0.949378111701274,1.06557721405544,0.969347079173666,1.08484926634607
"137",0.9725790750349,0.939714169061147,0.989622174520535,0.954245990310429
"138",1.01888807139583,1.04949349372066,1.03452002796564,1.06278301090709
"139",1.00529906439859,1.11344614608111,1.02346567048353,1.12985983873618
"14",0.880066925164072,0.845227363054096,1.077,0.933795694244946
"140",0.986765206332191,1.15626581887934,1.00247718639869,1.17223483627632
"141",0.998381082664834,1.03240215254525,1.01313386831569,1.04755964297033
"142",0.967602329666178,0.993325213144351,0.982686944875954,1.0051261192379
"143",0.969230703814389,0.918696330771651,0.984977593259359,0.931841156636987
"144",0.975810651206667,1.10017679642152,0.99020864229938,1.11401582307743
"145",0.939645412852065,1.07968279350414,0.953433633371681,1.09193380960509
"146",1.0183456693027,1.04788214140704,1.03043356016449,1.05877551217256
"147",0.964823480351458,0.816597591968313,0.97737012271902,0.826491234883063
"148",0.996264233931484,1.15485833470609,1.00970183237417,1.16900798114758
"149",0.966997529757046,1.2354826654275,0.982980646847595,1.25039238293196
"15",0.938870482667167,0.929750715829492,1.154,1.05181548119803
"150",0.969323146053302,1.03822081603848,0.983081239047282,1.04859480445808
"151",1.00400836343731,1.10079792330623,1.01837453519624,1.11213981110018
"152",0.962708147542774,1.03798008806146,0.972875752132967,1.04708455182794
"153",0.999154499556694,1.05648107940683,1.01084011685844,1.06501530285649
"154",1.00048208984779,1.25848164460299,1.01301385414104,1.27087839584709
"155",0.969246460653664,0.994784467062091,0.979696508314015,1.00456120964381
"156",0.988778010155511,0.987395130464807,0.998858245461466,0.996663699343844
"157",0.953173657064855,1.10574251778204,0.9642574604323,1.11657384807663
"158",0.987452480627771,1.17378453530503,0.997651830995066,1.18453531318547
"159",0.973065734809826,0.797768391736227,0.981554339123027,0.804665355090017
"16",0.960043005541377,0.892718930235875,1.185,1.01449637058516
"160",0.991368108407032,0.976443427655884,1.00389631585458,0.985386946035806
"161",0.996447722538977,0.893040353042013,1.00598891063156,0.900837208651792
"162",1.02881320300035,0.873110649694023,1.03863410040948,0.882484232113897
"163",1.0162952349741,1.23746641570583,1.02681228063859,1.24870225639936
"164",0.994764757646441,1.06430849441239,1.00610691448309,1.07462913834941
"165",1.02508475608981,0.991691350619098,1.03397991034899,1.00137263167831
"166",1.00819109871071,1.16653905534496,1.01845690702919,1.1779001219382
"167",1.0183786182525,1.15491979875637,1.0287395983486,1.16559664001552
"168",1.0244352664853,1.16387090531002,1.03160939982405,1.17412455902141
"169",0.987989584022641,1.15188097720158,0.996758084845244,1.16149005364271
"17",0.898896937303353,0.856003283365535,1.105,0.920736609105464
"170",1.00211762856264,0.91059240601699,1.01069822125874,0.918441358893975
"171",1.0600808099195,0.863863785843664,1.06893066915185,0.870871444642577
"172",1.0258950618966,0.968654762090122,1.03421189121044,0.974903730293646
"173",1.01955684591348,1.08348003133817,1.02803904450542,1.08991837568122
"174",0.99133204200235,0.867009891137285,1.00030336929608,0.872065903204646
"175",0.98761365036644,0.855564825034196,0.996783313458867,0.860520351761636
"176",1.02222949974755,1.10455600088795,1.03068629340695,1.1108906219472
"177",1.02244402396473,1.21086336030035,1.03115829454748,1.21841508884422
"178",1.00606676002478,1.26023758943243,1.01571366058328,1.2680132217046
"179",1.01519978791203,0.952244955940364,1.02432904779572,0.957646942900036
"18",0.96184404048997,0.756739646121251,1.187,0.906593510739036
"180",1.02050179899955,0.83793256406218,1.02836831654446,0.843092072341635
"181",0.977862389243855,1.04797798296913,0.984556297405056,1.0533674913404
"182",1.02943014515434,1.05426870731981,1.03718261948065,1.05955815678672
"183",1.02494945501042,0.955025642947413,1.03389591940641,0.960017454152712
"184",1.04123240114485,1.09535826689265,1.04990773169598,1.100516063538
"185",0.993500067568174,0.803609800843419,1.0034753417782,0.808014739922369
"186",1.00021471278755,0.930561448395054,1.0092609561958,0.934922129614324
"187",1.02531101644692,1.05330468339886,1.03489419236363,1.05809995836086
"188",1.02518618541607,0.989139838417876,1.03445351058371,0.994683530807748
"189",1.0379361266112,0.901615709195294,1.04818644076709,0.906395895495569
"19",1.02598490486631,1.11220586250592,1.2705,1.28966396373713
"190",1.03951767751316,1.07440132992259,1.04943236527794,1.08188328689242
"191",0.999918474442357,1.24636848491544,1.01213213220372,1.25256367554655
"192",0.997744205137159,1.15986652742972,1.00887415328773,1.16825397010072
"193",1.02863193811419,0.936279484660006,1.03903452296919,0.943092783011463
"194",1.00645220777379,0.99641066914965,1.01846086491986,1.00079593124005
"195",0.988204624641409,1.09491494663922,0.999159757049331,1.10299997737393
"196",1.03855413271731,1.18824880003983,1.04929462603902,1.19712419162271
"197",1.04945746382452,1.05938685706538,1.06158581010199,1.06639327530502
"198",1.01958663365595,0.925005262504756,1.0317772242706,0.931290112850878
"199",1.0415946067711,1.14018783955967,1.05271776816538,1.14652415378334
"20",1.02435172871511,0.989806899213024,1.273,1.094371682998
"200",1.01091504764062,0.85113996737033,1.02029352241653,0.85730661422067
"201",1.01839820119128,1.06751793202709,1.03109556444097,1.07160472720075
"202",1.00730309970587,1.11684708262037,1.01744259012675,1.12234001289199
"203",1.01266464084955,0.998673565985875,1.02357404646292,1.00621307806182
"204",1.02385392274062,1.12078648770514,1.03342113014894,1.13035178447961
"205",1.01163796077664,1.10490164187088,1.02335332193701,1.11335578493515
"206",1.01533478243879,0.920955895206824,1.02477310110496,0.92608453716696
"207",1.03021056164823,1.21687573577873,1.04287311151117,1.22466899422709
"208",0.972106549332887,0.890093604321101,0.983724426828354,0.894192053166076
"209",1.00176350670859,1.10442214166132,1.01273800659972,1.11175157217511
"21",1.00875515832396,0.744563766157639,1.23732414701702,0.855742873185401
"210",1.01564857590227,0.999667328988071,1.02726553889212,1.00624195696225
"211",0.960855641207603,0.957215594286945,0.970983908896695,0.963004145589924
"212",1.0266483254834,1.0231028261843,1.03847173546657,1.03175617572972
"213",1.03460913049831,1.07107568959436,1.04382613075941,1.07869454757778
"214",0.983434283169474,1.09439151295947,0.994350862592429,1.10178515823626
"215",0.988089744698668,1.17552759899872,0.997319310414996,1.18161113248179
"216",1.06946059229187,1.11731569758539,1.07846878015531,1.12504809517773
"217",0.970887551567914,1.11624159498453,0.982157939715178,1.12269477405825
"218",0.98414027407044,0.972557777085413,0.993079050581224,0.978299562506838
"219",1.01445208679278,1.21476965289591,1.02358579657232,1.22199367743296
"22",0.961095403617736,0.911170970478341,1.22680404491532,1.02714835533328
"220",1.04547214957724,1.21593661979473,1.05526183168176,1.22339476647492
"221",1.01877820854132,0.987519561429273,1.03077660833199,0.992370979624662
"222",1.02604081377397,1.22001816601474,1.03764407287958,1.22755173974784
"223",1.03982972016596,1.02023876104447,1.0518065682707,1.02563530166892
"224",0.999611175502649,1.08912311883573,1.01265423815962,1.09500965364857
"225",1.01221787261587,1.06016545705425,1.02068510506742,1.06598096360405
"226",1.04764104423855,1.15922126908427,1.05942186813609,1.16600640254677
"227",1.02265529769025,0.976127719421326,1.03433771786264,0.981366391344397
"228",1.05674918564983,0.930928211629557,1.06647276954896,0.936167444576314
"229",1.03353042440983,0.987930713597529,1.0459340611672,0.994416715686497
"23",1.00204093698547,0.952136388699689,1.24826541291008,1.11204929292818
"230",1.05095703999999,1.16092290948927,1.06333413640248,1.16710718299635
"231",0.995215209180961,0.933778323854267,1.004627102808,0.939285686029902
"232",0.995752189306903,1.15881833568652,1.00517005076483,1.1655184198325
"233",0.984402811611886,1.11715662533521,0.997131354486779,1.12315390442925
"234",1.05877069685224,1.12007089713476,1.07291745067737,1.12676058644967
"235",1.00510452067471,1.11719126585414,1.01773841310055,1.1240545897749
"236",1.04695656766097,1.14012171394289,1.06383663598532,1.14620721026366
"237",1.0816344460539,1.1341767942064,1.09783735691852,1.14060966939073
"238",0.998172137279281,1.00368046724775,1.01360145470361,1.01022250276174
"239",0.981736875509204,0.980401870252443,0.996823016539611,0.985485411165691
"24",1.0157789556018,0.948978854270036,1.26715844948475,1.10349185968811
"240",1.01767917611617,1.08799312398241,1.03409744232711,1.09415939800083
"241",1.10357794006568,0.833082526378349,1.1211830988432,0.837677193760702
"242",1.00468955121346,1.18765725421883,1.0199342118956,1.19435937568187
"243",1.06610182666681,1.01198771040623,1.08468365585144,1.0182088796742
"244",1.08576160605533,1.15017746812086,1.0998725636149,1.15642547535632
"245",1.04961519724587,1.12145318828152,1.06567601105212,1.12802049707424
"246",1.02453681891081,0.988997812946337,1.04062815721302,0.994842781215275
"247",1.07038387977551,1.06856701281461,1.08798786305669,1.07500424369323
"248",1.15336016366145,0.972491653627011,1.17384744781146,0.979271869550335
"249",1.14141474706331,1.05543233347873,1.16240215017134,1.06205132837915
"25",1.08443484881135,0.973226430307098,1.36325796860618,1.13252053701471
"250",1.05236224881082,1.14958049505329,1.07102773185375,1.15739912915953
"251",1.04279567401009,0.838766435676985,1.06063211196201,0.844246480025435
"252",1.06608797602985,0.866581614069353,1.08285639323155,0.871609042497523
"253",1.07797538304331,1.04756815117339,1.09802379995081,1.05443800284261
"254",1.06337405589263,1.11411394342247,1.08081155931324,1.1210699785093
"255",1.02518105273304,1.08132087911023,1.04209735322928,1.08738686717741
"256",1.10183966962961,1.37432995727845,1.12271752037603,1.38183063041175
"257",1.06056489341218,0.812602490661434,1.07838650531252,0.816899097587288
"258",1.06792780550669,1.17065513301175,1.09045876431223,1.17634812676837
"259",0.980281096899984,1.09818876240635,0.996910413915348,1.10438251300043
"26",0.992091447900494,0.948060512375202,1.23314042606876,1.1174621295892
"260",1.07908118067732,1.04677150737784,1.0977931769787,1.05339448356336
"261",1.10489811389797,1.02689341824817,1.12375436509222,1.03295339562021
"262",0.997382810074663,0.972364092622025,1.01548002477662,0.97865747847689
"263",1.09469340455357,1.00505514789239,1.11237362450319,1.01083669839987
"264",1.06845835751364,1.04618589572012,1.08630820408014,1.05263083816913
"265",1.10718084199406,0.97834223819589,1.12802898021897,0.98436162996102
"266",1.07525657823031,1.0681730319918,1.09495204359399,1.07571211123173
"267",1.07609597910651,1.28870868347091,1.09396532723822,1.29608018388565
"268",1.09210371062834,1.10553202065981,1.11296205269543,1.11153266938847
"269",0.999905378883212,1.10613055355644,1.01758909959212,1.11247566655659
"27",0.988685454138162,1.1162211874551,1.22496570396772,1.3263313960999
"270",1.03734846334032,1.16977938555434,1.0551694393342,1.1775405980645
"271",0.998331778134837,1.1262841166654,1.01644058412674,1.13342260703521
"272",1.10031339447549,1.19394900613551,1.11865348644771,1.20136030872313
"273",1.05124073401706,1.07214203070331,1.06932559840204,1.0783598787186
"274",1.09829257617154,1.15555019461052,1.11863482299394,1.16305591035247
"275",1.06059197489952,1.16070712477887,1.07949757193402,1.16794403319504
"276",1.06996780267214,0.979343997622848,1.09046807343771,0.986050169807273
"277",1.19198596647672,1.08610749873447,1.21280726009521,1.09302245824555
"278",1.07045675316238,1.18134943976256,1.08934721102453,1.18937940658361
"279",1.07512317615298,0.990688730586547,1.09246415493464,0.996146529878155
"28",0.95843938697867,1.04246997373055,1.1896171518894,1.21524505401512
"280",1.01551902992823,1.25422783123073,1.03251581777501,1.26211694678994
"281",1.04786739409711,1.22265364262372,1.06481805201125,1.2299701431703
"282",1.14526765645795,1.25804114335354,1.16595785672667,1.2656522197637
"283",1.07450708117617,1.04992920338747,1.09196609154727,1.05581351992988
"284",1.12167788105003,1.25995922771363,1.13959712337862,1.26774777700003
"285",1.06212988542439,1.01129111256413,1.07974453867395,1.0178216067601
"286",1.00901354973053,1.26836780636866,1.02540365127247,1.27673812434181
"287",1.11551679263997,1.01878757998521,1.13164156987707,1.02534390491543
"288",1.08867296838041,1.1593420342219,1.10443634705533,1.16695804579943
"289",1.09289484536599,1.2091993572014,1.11142773696138,1.21695067078438
"29",0.949260691797057,0.964608907297763,1.18606433931048,1.12171658800691
"290",1.09731078909192,1.20933193272777,1.11271941584875,1.21735177841129
"291",1.08735216293247,1.18114176894298,1.10193881592405,1.189742061089
"292",1.03857856914395,1.35161126379306,1.0526875284764,1.35996140140629
"293",0.997181300112996,1.07109277891389,1.01147089494953,1.07786681593166
"294",1.07027491433408,1.05432600942135,1.08600125355991,1.06090195054966
"295",1.00561467224279,1.34312517641846,1.02058976534456,1.35136321242602
"296",1.11249382924615,1.16065520230162,1.12812313431424,1.16785194147362
"297",1.0673905894523,1.11413292851036,1.08571138145773,1.12045998938032
"298",1.0993203450266,1.23385661781593,1.11558585795641,1.24177030971998
"299",1.05881729099061,1.0615884405404,1.07179039220924,1.06582789301632
"30",1.02962255406625,1.00501599732783,1.27586846623188,1.1954998216238
"300",1.08099417508461,1.07414150628327,1.09725799628775,1.07983639145333
"301",1.0208293254094,0.985695124247705,1.03318058741263,0.989984712410972
"302",1.06732003128858,1.11479526572084,1.08167688751663,1.11983044905046
"303",1.01930885602125,1.30012922578932,1.03296345204843,1.30632207795857
"304",1.00692917130542,1.07141060297734,1.01864840059109,1.07640476845538
"305",1.0328525822837,1.07719360863355,1.04770733116562,1.08191924201172
"306",1.09514805469996,1.22874316342508,1.11175834254932,1.23482850293528
"307",1.06008557965834,1.15226583642403,1.07645215790495,1.15788719234025
"308",1.1327903689802,1.14489659329216,1.14958635595689,1.14937891358285
"309",1.00490080514609,1.20592615579261,1.01691835514046,1.21163811336601
"31",1.03257366526174,0.885194138053156,1.28119372774166,1.04242876736388
"310",1.07290379168869,1.13042619555099,1.08794868181791,1.13425962892019
"311",1.10557775628475,1.01069819744567,1.12109289535278,1.01438533100094
"312",1.10881355215778,1.02421262269527,1.12495374718187,1.02771450255043
"313",1.0226260822962,1.1082028911239,1.0368715566887,1.11213329551559
"314",1.07017394130333,1.1648534933783,1.08687827143635,1.16878048449241
"315",1.0277261294136,0.97671180312967,1.04209235966236,0.979914990825334
"316",1.01491971084587,0.795571627120571,1.02629683421605,0.798335946578702
"317",1.06751501983372,1.15569719158992,1.0816491036984,1.15984456333298
"318",1.14650844845275,1.09565284153052,1.16480983639079,1.09874532844446
"319",1.09776428139144,1.02759242246186,1.11209015220287,1.03087221146425
"32",1.0167372609345,0.818468666173162,1.24773791667936,0.97129749939677
"320",1.09545102096107,1.09076726075126,1.11054453835934,1.09451863464599
"321",1.10327192545713,0.99164172104931,1.11860477942148,0.994800036409018
"322",1.15007354837118,1.10146856515893,1.16736020899954,1.10471843465089
"323",1.13842392600891,1.06284103701383,1.15455224640537,1.06512717352164
"324",1.11082937921728,1.03398318490311,1.12720464758961,1.03743377371468
"325",1.09397800536563,0.945174330124099,1.10824079715312,0.948179620576821
"326",1.15696191088133,0.892902994233656,1.17292917907694,0.895463586857502
"327",1.10948283341308,1.06556734374826,1.12049190942271,1.06849530095873
"328",1.03483676687813,0.84913981201092,1.04896357124882,0.85180104295309
"329",1.09321785080501,1.13651084789389,1.10861136259127,1.14105296542206
"33",1.02752539342868,1.0136812143488,1.25821988188584,1.16924970619594
"330",1.08634828271895,1.19899918753489,1.10033933414851,1.20273394016705
"331",1.07998301514293,0.862056362266342,1.09369111293216,0.86458052739658
"332",1.08955702588012,1.06961320788326,1.10445522977523,1.073204064561
"333",1.04547856198937,1.09278656411111,1.05692339649557,1.09681861877517
"334",1.15838576949135,1.03021077297852,1.17375567627064,1.03292195753389
"335",1.05871191297164,0.977621185364044,1.07082049395433,0.981299525853964
"336",1.02516223624119,1.12765464379853,1.03412303896607,1.13021425988089
"337",1.0868456303302,0.955800169417011,1.09843939549721,0.957729501534498
"338",1.03127897104707,1.1461005256764,1.04458507170624,1.14938609903175
"339",1.08554605808207,1.12657917445576,1.09671956071026,1.13016045271355
"34",1.01246031295444,0.813992824428988,1.2553735299361,0.959740418597868
"340",1.0764804701861,1.2169730493846,1.08660651916483,1.22135201302999
"341",1.0573660534518,1.21198434753138,1.06759705082545,1.21527852768775
"342",1.06920185976261,1.07351417916774,1.07719304644039,1.07728556442527
"343",1.10369235510603,1.29391177873978,1.11353173647651,1.29880804142382
"344",1.03571426070515,1.06840853697003,1.04300958805464,1.07153256236075
"345",1.06305553666099,1.30543923390077,1.072538682812,1.30942316972766
"346",1.14399247425748,1.08500764850423,1.1523703205742,1.08830394131863
"347",1.03355029721896,0.95180057025199,1.03836503665673,0.953555200197283
"348",1.01758951406779,1.01691352461873,1.02497440672868,1.0194804379002
"349",1.09672147574129,1.02714853803596,1.10345204007374,1.02990893223956
"35",0.997933993644179,1.00223200061312,1.23083539246805,1.17232015393676
"350",1.05092028209561,1.25516273191573,1.05804142894723,1.25885867076969
"351",1.0912834208452,1.10894524345618,1.09715554241628,1.11286676366214
"352",1.01298481118242,1.1960318734826,1.01841362700089,1.19866276379878
"353",1.0323381919226,1.26614319115161,1.03564990294305,1.26885548069478
"354",1.0482649311007,1.19404091995071,1.05381640766017,1.19809439988028
"355",1.0739222815902,0.956951012181945,1.0800165774911,0.958965221524051
"356",1.04814798965177,1.11159031713152,1.05267426696633,1.11372824449613
"357",0.991613016735964,1.09570266242964,0.997661068666003,1.09809626278883
"358",1.0542777462843,1.17786971202497,1.05833772513785,1.17986332091993
"359",1.0504339951178,1.21272603551937,1.05424780398852,1.21577208951001
"36",0.969128458513235,1.09402087739947,1.19440980027658,1.28153466005138
"360",1.02432931083354,0.893582425575559,1.02962638526131,0.895352503390077
"361",1.10007389323878,1.12447250407368,1.10529922174625,1.12721297832578
"362",1.04828522058852,1.07634248857991,1.05327972126315,1.07859751275401
"363",1.05609135437787,1.1044928165072,1.05961863373652,1.10675928076025
"364",1.10192966631931,1.13594702590718,1.1079672126827,1.13801800013777
"365",1.06509493441914,1.1170163013572,1.07156372996742,1.11906950553326
"366",1.01230912641831,1.22797208632909,1.01734297712016,1.23040347765559
"367",1.02937390263922,0.952720035442169,1.03476993079084,0.954948206385974
"368",1.081978183164,1.21242376679343,1.0870739508868,1.21471925218452
"369",1.07474429137049,1.20955744169067,1.08039867565778,1.21153657306308
"37",0.971475508964606,0.910345495865538,1.18234511190256,1.07218197081811
"370",1.03324296098564,1.09672859239268,1.03756996622018,1.09864286955864
"371",1.07079100093254,0.942012889697147,1.07593299922514,0.943552579878649
"372",1.09575490071932,1.24052727310491,1.10053667275393,1.24211363136914
"373",1.04722053313223,1.17095915710366,1.05070336277934,1.17338206854439
"374",1.05418579826405,1.1580645165236,1.05909877193068,1.16057568106439
"375",1.08684782068488,1.34517749065405,1.0913564789049,1.34807966364864
"376",0.989285518740675,0.915200632718354,0.994155499680321,0.915829413557764
"377",0.994613905185384,1.09829684149992,0.997557782876041,1.09911458395824
"378",1.01836005546677,1.32084185041299,1.02236598254898,1.32267672118824
"379",1.04452027104647,1.06264042782442,1.04752553208449,1.0639183032459
"38",1.00470770099607,0.789306490419608,1.23286575585926,0.91712693194757
"380",1.01053159655875,1.08691124271104,1.01415133182609,1.08769377641416
"381",0.987592864372572,0.870412634063724,0.99246571899304,0.871373444279354
"382",1.03855015685312,1.09968312854398,1.0421069066495,1.1004170295643
"383",1.00633394529532,0.931428057399889,1.01124322626166,0.932215485222755
"384",0.962193203393488,0.831320304981617,0.965912640510212,0.830991308882878
"385",1.03720288368073,1.24648781408577,1.04129745737026,1.24658419064674
"386",1.03550745513555,1.16228937091113,1.03898771725479,1.16311791988353
"387",1.01293677908153,1.11176617099482,1.01543686926798,1.1126282138924
"388",0.972135925731091,0.948936877637973,0.975163993629917,0.949775427047092
"389",1.03189459728133,0.954795460866118,1.03460605800794,0.955860684522319
"39",0.99229630890207,0.957749491921398,1.20971228988687,1.11129310137331
"390",0.968999468430143,0.953463815464513,0.972579758481468,0.953704449668411
"391",1.02160853897009,1.18708972686152,1.02722096018364,1.18711542031042
"392",1.03902129358604,1.18153888041376,1.04280801285865,1.1825232925648
"393",0.995172793507491,0.803710256623764,0.999334163768269,0.805529926519606
"394",1.00318386482016,1.11032124211272,1.00480375207281,1.11166850431544
"395",0.989821255289221,1.11944888336173,0.992335586467393,1.12072089395675
"396",1.00270253053358,1.21644806345669,1.00845384802263,1.21770500617803
"397",1.01651608074003,1.06163110100822,1.01923375733576,1.06289415761147
"398",1.0525219192864,0.996415479340983,1.05577712223429,0.996814479142959
"399",0.992042711271762,0.913407597234037,0.99541972483511,0.914065756548882
"40",0.99214129204652,1.02641914606584,1.1908743263142,1.20155130839853
"400",0.99800989996562,1.04693327188493,1.00085990716907,1.04765390430774
"401",1.08138640931789,1.12025675629508,1.08439282858777,1.12142033765645
"402",0.996368705648632,1.00703867622194,0.998183919919184,1.00757349540476
"403",0.990366972091479,1.26568993864081,0.993182984851028,1.26711920819584
"404",1.05099160363959,1.14443462381785,1.05400110289602,1.14621311172874
"405",0.969482493736245,1.08010638054646,0.971665612029363,1.08039103379281
"406",1.00274297058347,1.18186985569583,1.00531277508144,1.18329821102993
"407",1.00114628563648,1.09163952213827,1.00366737771733,1.09239073519525
"408",1.04707260936567,1.11096146196391,1.04949428406837,1.11140214458223
"409",1.00878377089514,1.10957679156501,1.01082117781596,1.11051749717898
"41",0.984723370213967,0.787791488566948,1.1893121192617,0.926689072867567
"410",1.01941577118165,1.11908602910822,1.02179118860028,1.12041952232682
"411",1.02910310986216,0.962045528809058,1.03178946456792,0.963791588705638
"412",1.03231379747805,1.12238837011958,1.03480554876823,1.1234206544587
"413",1.11667095357563,1.04588442224303,1.11852703974307,1.04622866187065
"414",1.01236365210048,1.01034599350786,1.01423379512121,1.01058573580578
"415",1.00598893930267,0.913489667077671,1.00704141748413,0.91284744483033
"416",1.00958136106022,1.00713050980604,1.01112376314258,1.00804080864791
"417",1.01835063066748,1.200548443093,1.01990598529466,1.20123312155122
"418",0.967520202631991,1.14226349768578,0.968051205616276,1.14313130026318
"419",1.01594820416786,1.21242538244303,1.01338354853103,1.21327019233244
"42",0.968926393169831,1.02917359885464,1.16978254224389,1.19163164158814
"420",1.03742501215066,1.13671207144143,1.03879452191578,1.13681757290209
"421",0.970847921484091,1.03818429138355,0.971516241562748,1.03867511648426
"422",1.03382682334768,0.954770212978692,1.03576608385635,0.956040823107238
"423",0.991408697839726,1.10816736709861,0.992605036668482,1.10869823905763
"424",1.05638055158447,1.07503127279006,1.05762563023922,1.07563245129875
"425",1.05185377912382,1.06654984335967,1.05383702643945,1.06771722118331
"426",1.09362973642241,1.23915850616578,1.09543593651357,1.24026948397484
"427",1.0339081719038,0.961363721643359,1.03544373061725,0.961769088262154
"428",0.983665710788342,1.21960941742159,0.986028170510734,1.21835556380945
"429",0.985431221720812,1.03648159187894,0.986640798449729,1.03690532259095
"43",1.00631480401044,0.963371568717293,1.21074660000859,1.11458338610098
"430",0.964242241892323,1.16667314603067,0.96532512251273,1.16761161131658
"431",1.01871885817582,1.17094110087892,1.020289312097,1.17187193370566
"432",1.00362966127981,1.01534722397678,1.00402464232066,1.0153569568213
"433",0.985138015787547,1.03814564424023,0.985445699194449,1.03804493697577
"434",1.03360214793131,1.07943935712672,1.03459529426898,1.08000060524002
"435",0.962040953920524,1.1137281138448,0.962690451203536,1.11450243094198
"436",1.02017683278398,1.1432442387107,1.02027516943599,1.14327655387815
"437",1.020003145841,1.12259179862946,1.02111045160435,1.12311771108859
"438",0.986251372049648,1.17140478673681,0.987033504391912,1.17186304988138
"439",0.991047384453114,1.07303660714386,0.990214111842486,1.07286094215085
"44",0.965695811799847,0.65014957092155,1.16079379880921,0.783601950562704
"440",0.941645852328803,0.961422566176178,0.94198886129067,0.960996607439344
"441",1.08138246500398,1.17701504945891,1.08191837375091,1.17677063531355
"442",0.919890954344652,1.13252042058817,0.919994886448883,1.13325750412183
"443",0.956341594148676,1.07425284661967,0.956145980440827,1.07448421754363
"444",0.974137643961486,0.994206198734595,0.973894967475977,0.994065063627852
"445",0.951081588107554,1.01595606697228,0.95205162022846,1.01668277110541
"446",0.980439213615641,1.15592321777226,0.979999674925448,1.15591020034613
"447",1.06765462929723,0.974840105234953,1.06706826405289,0.974115266190096
"448",0.948433385930329,1.01923998098472,0.947940959181707,1.0198671684547
"449",1.00202723291585,1.00693133201627,1.00128086227637,1.00674262210974
"45",1.02132921843638,0.830484036595691,1.21282707980062,0.953522468953657
"450",1.01073609639572,1.29259092173059,1.01047925165802,1.29383281016399
"451",0.995798728814442,1.10342647319991,0.994513565380037,1.10309350059552
"452",0.956759497988323,1.09705140714065,0.955998461594997,1.0962632594915
"453",0.972768967371108,1.203955027866,0.972417083481125,1.20240734376876
"454",0.911795407973307,1.05381247664414,0.910257225239127,1.0536192658835
"455",0.951717099941942,1.23495332167165,0.950948181803213,1.23316554823415
"456",0.989726744629763,1.03283978437744,0.987970289932847,1.03269574947222
"457",1.07690977050258,1.09558546042658,1.07708981210983,1.09435578570488
"458",0.951305109916423,1.04649176550527,0.947597331806896,1.04576814352952
"459",0.970322640330943,1.18706317503758,0.971610835245855,1.18610186387806
"46",0.98384523688494,0.890128603660094,1.1666575886043,1.03383362160129
"460",1.03187253451148,1.11670351561959,1.02965598662278,1.11551762745579
"461",0.983332090378138,1.01467127179823,0.982127746581929,1.01282736808533
"462",1.03039355847916,0.977021323543102,1.02736308232433,0.975636970069747
"463",0.967790702264041,0.799081199838193,0.966338687764025,0.797689699448167
"464",1.02039388750077,0.879843990161256,1.01801173014015,0.879019142031419
"465",1.04353982505446,0.890463070220088,1.04310470096808,0.889751648353948
"466",0.970400237380447,1.08209488494381,0.968161735328213,1.0807978463984
"467",1.02698562578813,1.01051181466264,1.02727050273202,1.01053436085161
"468",0.938869054791059,1.073324407616,0.936409482479551,1.07345000032323
"469",0.963141238678015,1.06244625396284,0.96087949358781,1.0623372376897
"47",1.00594518092124,0.938361801894927,1.18527543772295,1.07290457560919
"470",1.00299854795267,1.08162193846094,1.00118833716069,1.08177041765984
"471",1.01359826605942,0.949252848052988,1.01108917348002,0.948694304225069
"472",0.856556258221685,1.14509882231182,0.854677334018339,1.14374253691328
"473",0.993476827649363,0.984997381969958,0.991859970994875,0.983962319134331
"474",1.00224091904905,0.958777770632909,0.99943183040824,0.957766205328158
"475",0.942505930104014,1.10292081339597,0.941023563308066,1.10269752156577
"476",0.881126950614959,1.07860118363683,0.880004809209459,1.07801576074008
"477",1.01854578175795,0.990404467443256,1.01562773053954,0.990206968799638
"478",0.986093609255994,1.00048319975452,0.984809331350542,1.00098582966676
"479",0.981146601503318,1.05008786729927,0.9776210167624,1.04958327028122
"48",0.963041770954749,0.896164294205093,1.12787725011154,1.01639251221405
"480",0.928387004628697,0.921569681123003,0.927828740570389,0.921070528229266
"481",1.01776772278256,0.999797132534279,1.01716337626899,0.999573611611157
"482",1.03337186435666,1.07333317079116,1.03299061982006,1.07350406076362
"483",1.02620531006979,0.97362409754146,1.02723161514187,0.973442847071286
"484",1.02815906229732,1.07695284839643,1.02757218657367,1.07697501429555
"485",1.04777256480842,1.12342834300901,1.04976330600893,1.12242777707673
"486",0.95444021489056,1.12125256439885,0.954173584869697,1.12109138587697
"487",1.01372858512697,1.03399131110404,1.01249358500907,1.03329128994584
"488",1.04987687241726,0.996614912466976,1.04925999981509,0.996886014777259
"489",0.980038491730489,0.89225691222277,0.979537215868878,0.893210946931163
"49",0.965842413936407,1.06551623649561,1.12653913346389,1.21513836159383
"490",0.944222785169428,0.991787611735365,0.943980077558499,0.99037838730497
"491",1.01305014731918,1.01040781798638,1.01210075083111,1.01107329077561
"492",1.01771023091461,1.08716403587258,1.01820564298872,1.08719131676359
"493",1.00014299417499,0.996189628614838,0.9984111453821,0.996595336018932
"494",1.0227115850181,1.13795740140862,1.02208470588906,1.13820972643518
"495",0.988144324914841,1.00970209664932,0.987798893307376,1.01059607704071
"496",1.00127465487096,0.846205857507012,1.00041531886845,0.846651946312407
"497",0.984661010024967,1.06989570856732,0.984261501433239,1.07069519662848
"498",1.02529145732495,1.18730235968763,1.02608489875456,1.18873312699313
"499",1.07680875107577,0.940030880795127,1.0772019822185,0.940707079625212
"50",0.973042275616972,0.7528596861125,1.14545025145079,0.864093204558512
"500",0.986160227991129,0.915142113874589,0.985761028633581,0.915704363226462
"501",1.01011468399991,1.17903513794116,1.01016947104411,1.17848639263475
"502",0.953731266737679,0.973321316566487,0.953351441485373,0.973538799979613
"503",1.02494117629297,1.04330353908392,1.02453659975374,1.04427545600801
"504",0.991335659669344,0.908880374871256,0.991735850391675,0.909490869230291
"505",1.07094063247338,1.04972223295347,1.07098500043446,1.0501115128192
"506",0.930087711808666,1.0937756939257,0.931070814055475,1.09461971792117
"507",0.993455474158244,1.1895230459205,0.993072076221098,1.18996713175258
"508",1.02423103291144,1.15084306545709,1.02441482639133,1.15069674037098
"509",0.96990407310583,1.12829532667627,0.969299998483202,1.12902095586159
"51",0.928916110697704,0.905725966095727,1.0691331189601,1.03079206348864
"510",1.01066420169691,0.843399701493778,1.01001754419701,0.844692133393889
"511",0.921303597218916,1.03592965801864,0.919644661641308,1.0376452402277
"512",1.01179804588186,1.05067707764082,1.01181263747323,1.05211354567038
"513",0.966772281657041,0.845598987994173,0.965116406910009,0.846751819497244
"514",1.01088006847598,1.01246918157763,1.00972173135239,1.01481337546147
"515",0.981890513588504,0.985037829298824,0.98144980773282,0.985535713682384
"516",1.0095437144591,1.05227223466984,1.00810987174546,1.05425021786653
"517",0.943873949887523,1.11232689428069,0.942985189569079,1.11301535627817
"518",0.98090177759107,1.04205379463054,0.979851258837225,1.04432091833796
"519",0.952893602430747,0.942828680163178,0.951593568563685,0.944095848231991
"52",0.939809976972516,0.849843000746768,1.0749142828045,0.969780787452806
"520",1.06868060256308,1.09167169455085,1.06986899113459,1.09216974204178
"521",0.960405881711232,1.12993241226519,0.959308227180245,1.13140807226724
"522",0.932094265477279,1.10967461878303,0.928730673121533,1.11068271754633
"523",1.03758575959091,1.077079445877,1.03818898769169,1.07961423230192
"524",0.933814058746262,0.954900460138278,0.9322992812319,0.957327079878728
"525",1.04297736748179,0.889937121299066,1.0417527980071,0.891234038041035
"526",0.917471944425217,1.01675388760057,0.914228361028697,1.01871447603545
"527",0.889030104727523,1.12543064236022,0.889989019005122,1.12622872637575
"528",0.91209225420487,1.18716669930888,0.912262387421173,1.18805681902963
"529",0.945727471205448,1.02147223954122,0.945464042436169,1.02285269267526
"53",0.956751806205338,0.941623518051625,1.0891882455787,1.07019073488978
"530",0.906575204998026,1.06964883518696,0.907839948156547,1.06994651270879
"531",1.01545717206694,1.03991541238402,1.01493285775019,1.04068528330493
"532",0.904828267526731,0.953179607816368,0.903330585714447,0.954213453979703
"533",0.921881714626649,0.74470221068833,0.921699998304713,0.745633420341199
"534",0.910609913845634,0.824391195430683,0.910601200032645,0.825513019505572
"535",0.951537912961856,1.0030351325259,0.950979284623946,1.00405503773497
"536",0.932926389118119,1.03928238738064,0.933263070366695,1.03936727304645
"537",0.909996301417315,0.839221578803156,0.910341689093291,0.839631387024866
"538",0.941774201709648,1.12550616370883,0.942362896360416,1.12596398559926
"539",0.943554121205876,0.945990107814305,0.943986561007667,0.946410611283969
"54",0.915707727235592,0.968020095829062,1.04451794327961,1.07768996893789
"540",0.938993830544521,0.988490921024588,0.940316167698999,0.988798594697451
"541",0.935315693957915,1.10583467893539,0.937003592358463,1.10683021340002
"542",0.957015058758788,0.918127772657005,0.956199576553837,0.919331291937457
"543",0.89622403637544,1.10853965308959,0.896511414151171,1.10916559867992
"544",1.01642864347242,0.963974323476881,1.01793441837704,0.963949053846931
"545",0.956528719924781,1.00909709990961,0.957811543595318,1.00965700726361
"546",1.00619919050088,1.095711013194,1.00784116763104,1.09628389538525
"547",1.01037185273117,0.869544031697091,1.01151052270405,0.869862055003584
"548",0.880230256456678,1.10022765605289,0.881823020127946,1.0996957446657
"549",0.959700017910719,0.945055542155388,0.961027426941446,0.944274211858425
"55",0.96708685840027,0.932635693607296,1.09938005312484,1.04610302739846
"550",1.07024273479779,0.783925992637247,1.07250037236288,0.783656372781487
"551",0.943528392026574,0.911480984831948,0.945049336329285,0.910621598689076
"552",1.0173076063996,1.14780866780379,1.01918712297444,1.14839671063965
"553",0.98761764840592,1.01787103279557,0.989697299720179,1.01744689367491
"554",1.01119306965256,0.970831223251788,1.01286208561334,0.969760027664817
"555",0.98133580031619,1.10934808213573,0.983124126813227,1.10875132204785
"556",1.01770360977884,1.29027252970477,1.01958655584991,1.29277860629887
"557",1.01028970233274,0.942180047951523,1.01236942128752,0.941505905294439
"558",0.96760962807546,1.09853407400013,0.969775638319556,1.09704047775413
"559",0.949731520888133,0.817695519499236,0.951009060236089,0.817074093443553
"56",0.970033899222217,1.02486012240003,1.12153002612047,1.14422295051627
"560",0.931366545507534,1.12694482527978,0.933018906222966,1.12612655557149
"561",0.975536927418511,0.904978369036156,0.976782326837412,0.904000471604908
"562",0.985004361721906,0.963426512171366,0.985409445415786,0.961770686702747
"563",0.895151708829219,1.03279923752447,0.8965641792981,1.03173135845789
"564",0.963074762452212,0.950327859235668,0.963015570957845,0.948506986921458
"565",0.980641013256174,0.934412186256859,0.980900462467414,0.932822076902844
"566",0.926987216352269,0.850478344569088,0.927381795502751,0.848652990626281
"567",0.916066729946675,1.00212015383104,0.916046735590065,0.999980063790726
"568",0.96215979499065,1.06528605817701,0.961792707051994,1.06554291006026
"569",0.998021453099198,0.929104160873219,0.997648197440153,0.927964816918546
"57",0.933229152941114,0.848016985998947,1.05512466242479,0.95412832624688
"570",0.951608363027826,0.860712898885061,0.951491347899324,0.859572503870221
"571",0.930282459719168,0.849851552355684,0.9301129547905,0.849103742968219
"572",0.873897926739594,1.22374270517499,0.874111027745134,1.22235603175683
"573",0.957031884533592,0.86402175114062,0.956108359681766,0.863554598317723
"574",0.951694418952071,0.887856935173466,0.950174894236439,0.887532821914226
"575",0.898592696827901,1.21000858252991,0.898115954232234,1.21081584799216
"576",0.917169527990453,0.869223892890716,0.915428065817171,0.869337353831402
"577",0.934077733978208,0.847323060139278,0.931424184530812,0.848171678316042
"578",0.955447726710548,0.832815911798011,0.953855446929476,0.835061135290486
"579",0.902432958679664,0.90477725838352,0.900726662993022,0.905777279992417
"58",0.973527719299688,0.77204838223108,1.09208389747388,0.866286337046296
"580",0.915241266666942,0.943944897828782,0.914643806045536,0.944355084520852
"581",0.952370087353702,0.916876752874668,0.950658005909967,0.91743916076891
"582",0.781781262963624,0.916690150235377,0.780363170627204,0.917316073142046
"583",0.952575805730542,0.889033864471013,0.949443275250476,0.889561137717748
"584",0.875761679788729,0.968300082529958,0.874138096342153,0.970092371884951
"585",0.902436684617918,1.1014857357306,0.901187188920425,1.10348551171194
"586",0.938289318770633,0.695905960584491,0.935178117814646,0.6965192177604
"587",0.905616506095095,0.843643297906929,0.902789661350795,0.8449473308614
"588",0.916857287988667,1.10088616912179,0.914013398934572,1.10220347132535
"589",0.937482508135396,0.800364826830027,0.9355426348606,0.801475771847137
"59",0.983824261785742,0.834008249982419,1.0899438499454,0.924437358076686
"590",0.964398530260366,0.772212918281665,0.961881453664331,0.773476732155932
"591",0.927248310937707,0.840731766780013,0.923751713588931,0.841567893180155
"592",0.958614009662167,0.802632424606687,0.955903648583755,0.803675993396928
"593",0.954497412112962,0.99130185166161,0.952045012819859,0.992211789091819
"594",0.894861182554862,0.799687651772736,0.891507925676157,0.800553779816576
"595",0.914164374558238,0.749707014048553,0.908893099147123,0.750042027994385
"596",0.886612522017406,0.872741787212407,0.882531514735171,0.87391220849172
"597",0.88522791478112,0.694240154549429,0.881610169148358,0.694910948551145
"598",0.965436708714735,0.812217761320047,0.960140527899727,0.81279289973036
"599",0.920812244940773,0.832529880770042,0.916703680608743,0.833458814103862
"60",0.943736495020652,0.927111934104945,1.04290813805693,1.03159925243301
"600",0.876720107575051,0.727495141112497,0.873253935762179,0.728372954520666
"601",0.954624146764276,0.923587430466036,0.94882035360453,0.924853339616149
"602",0.885379140570594,0.775307892248429,0.881210622935258,0.776158999833043
"603",0.853681837254892,0.81574257776064,0.849141850261034,0.815852748815924
"604",0.943136464836831,0.872607287784647,0.938560170678743,0.873760144628556
"605",0.997222398937643,0.920642018699427,0.992924786989641,0.92151803614921
"606",0.852828259687405,0.77314747437783,0.848523861262108,0.773734491943284
"607",0.929045500240099,0.974314620618142,0.923386908304292,0.974084709401109
"608",0.889075788116847,0.819367407182002,0.884058836053945,0.819758371110466
"609",0.906831830231506,0.799681469024217,0.903952970581643,0.80026121779156
"61",0.949271796778015,0.921692928848408,1.00054221179847,1.01594863773161
"610",0.910440246877151,0.822313649511523,0.905953021124733,0.822701090627179
"611",0.8834479486023,0.984200325909985,0.880882024051882,0.984920699962639
"612",0.893453347565045,0.836927965070345,0.890773603264762,0.83782855055688
"613",0.990258257694082,0.836127530266169,0.988017016693808,0.836149776992853
"614",0.862690696817735,0.778823371188015,0.858912148672498,0.779266979049333
"615",0.836969110649436,0.831867213792103,0.837097419241298,0.832135414921931
"616",0.874644783403516,0.696113842895165,0.875231551067162,0.696233057176189
"617",0.914070361592331,0.773885251491204,0.914272651136673,0.773782512537068
"618",0.889843863599461,0.941973274206803,0.88919511167689,0.941752261935906
"619",0.902240444420416,0.786755684274131,0.90263415169484,0.786480054320639
"62",0.966511999192301,0.917357800792814,1.07692810055412,1.00686600107184
"620",0.83178689249716,0.837424439509232,0.833074716840005,0.838285574471583
"621",0.888869664165363,0.977585659860222,0.889746253559842,0.977720820931381
"622",0.962689979058212,0.860867034536512,0.963382087136911,0.860432185924197
"623",0.824589170183171,0.998437313399669,0.824999785585416,0.997631728404691
"624",0.815786996712879,0.952239600101889,0.816479631585092,0.950869301581697
"625",0.83734785106912,0.676817676030733,0.83773181186593,0.676279876488407
"626",0.876361818670955,0.7990012311817,0.877036130425698,0.798062619213349
"627",0.883084754670659,0.725004389838931,0.88406475917987,0.7241327895875
"628",0.949425845779587,0.808186802912666,0.950585677047746,0.807676365783716
"629",0.871840815537963,0.7698182030957,0.873289348188692,0.76802057584455
"63",0.941379743455489,0.767369528178414,1.03640515171093,0.844008370959669
"630",0.860851974214801,0.956878427361738,0.861666392483342,0.955874098598121
"631",0.834815744499615,0.709054021570648,0.836008352530848,0.70818986526447
"632",0.82858595744176,0.812215625782283,0.829264004469212,0.811122112470271
"633",0.858302151223055,0.912214743062729,0.859720654617866,0.911080371614765
"634",0.848495155208517,0.741538265823765,0.850036323903384,0.740636037290208
"635",0.903386207050996,0.778017959085822,0.904666866520966,0.777666341951765
"636",0.860564606895041,0.735047640699881,0.861318062619401,0.734090852895474
"637",0.826329374941299,0.753134640037926,0.826250215942189,0.752487696416123
"638",0.854378731452924,0.649590584677712,0.855464429082167,0.649428649778014
"639",0.945334707213729,0.707994063297118,0.945727925670401,0.707480665084537
"64",0.992320338780559,0.873037363658702,1.10036896312975,0.953171840479964
"640",0.892422035855115,0.709618292041321,0.893904849238401,0.708283377608092
"641",0.893424929639969,0.698520882732074,0.894000105872944,0.698554558390484
"642",0.915363010665825,1.03942839377671,0.916069723866482,1.03910223243192
"643",0.914167183785058,0.7437067855521,0.914820063412545,0.744456516077095
"644",0.949469233510553,0.888659928146681,0.949862991650934,0.889221402906047
"645",0.87542827952085,0.803596954697716,0.877135015626465,0.804456695131966
"646",0.967527345842887,0.843188026748217,0.968174239336853,0.842622375316614
"647",0.957102684835668,0.74808959817339,0.957985399731682,0.748140235187142
"648",0.987256930238404,0.785981892587386,0.987712737270747,0.786364855327736
"649",0.918715558082503,0.768763309508962,0.918415514292815,0.769575747113569
"65",0.968471461373145,1.04241778242115,1.06725056129565,1.13791789753337
"650",1.00076878360527,0.936868430175064,0.999968679025341,0.937197162337568
"651",0.888766372596565,0.849401962570105,0.888443255797071,0.849324027974765
"652",0.909808576894166,0.748208183478067,0.909742617893304,0.747567929276934
"653",0.857768933909105,0.759108627300729,0.857386397093483,0.759630015653722
"654",0.911007208233826,0.881852332526243,0.910151045738938,0.88239035941059
"655",0.846656805186949,0.761443928815044,0.846462287183327,0.763327875139868
"656",0.898419811266888,0.756006539084521,0.89872732809358,0.756730986333641
"657",0.95128720345866,0.912980430513701,0.95165224508173,0.913244166136937
"658",0.872555741783726,0.789340994009018,0.871606978362215,0.790509311182067
"659",0.959170958894801,0.744536789097576,0.958682254815724,0.744068912009185
"66",0.989568323106181,1.01363508262791,1.10527367285606,1.08057376136963
"660",0.922534078363593,0.67807835372323,0.92257299055753,0.677381146886625
"661",0.975074972892914,0.756281810596055,0.97648795780793,0.756178788152095
"662",0.94443919161472,0.834993391156155,0.943689126748983,0.834970680427478
"663",0.954376972872389,0.820705414691148,0.954341096462711,0.822385709815236
"664",0.864219330871686,0.929881780025727,0.863519392476727,0.929438306371506
"665",0.92814001477275,0.982427621509428,0.926599138828688,0.982402167766989
"666",0.894115400935594,0.799210440729149,0.892870029276392,0.797777889687469
"667",0.931283845618892,0.904538002740097,0.930090977771767,0.903161017541234
"668",0.923798568992185,0.587234143216604,0.922628487672903,0.586310671564738
"669",0.985951659691781,0.940587563243745,0.982352576254111,0.942381491195306
"67",0.993628795859772,0.997875927564611,1.06762401591176,1.08079775584726
"670",0.998231570648858,0.859389986692632,0.995819607250348,0.858273892673542
"671",0.879428754119519,0.837069771721248,0.879443837531146,0.83667804193787
"672",0.990470032853052,0.776679975404666,0.989586031358437,0.777045451272143
"673",0.901615813463258,0.929955336070772,0.900049213970347,0.929235651654755
"674",0.95313769120862,0.97649470279992,0.950939799691489,0.975597350938091
"675",0.976312622958995,0.867552485087791,0.97522256598191,0.867651506087638
"676",0.962104166775159,0.801604201906541,0.961727430832932,0.801467359521543
"677",0.97738255857508,0.783177178541232,0.977812533164974,0.783219343869554
"678",0.928563416677336,0.739837918939517,0.928936154524619,0.739335307840348
"679",0.933705795385163,0.725135552563687,0.933692553611333,0.725612131427375
"68",0.965925462640881,0.868378287252804,1.08475495744926,0.939184061079555
"680",0.913148547897363,0.810745432324224,0.913422866462862,0.810022430947366
"681",0.891806695503831,0.633536832451733,0.891739640792241,0.633657842322439
"682",1.00601978008018,0.80631407750416,1.00626063817433,0.805733952927842
"683",0.92065310093129,0.750759360780992,0.920549666197081,0.749303235136646
"684",0.953243235539638,0.897988556495926,0.951178460032488,0.897408730408378
"685",0.918386620691206,0.759537675131163,0.918381210888596,0.758725782300279
"686",0.934565702086617,0.878126194150929,0.935458256497112,0.877503986367083
"687",0.890922424684731,0.938501946048268,0.891469305105282,0.937584258032975
"688",0.902532872159757,0.818479060713169,0.902661641124967,0.817739178626002
"689",0.952297755272428,0.749336778610029,0.953281031708805,0.749900294829591
"69",1.00926439295844,0.976469847475422,1.11133000096102,1.04421494989735
"690",0.881874474223378,0.975635839247915,0.88210414967486,0.974780869870843
"691",0.948751083033631,0.987340714192735,0.949567441416908,0.986718780155899
"692",0.902343225892816,0.742683632359118,0.902048219243615,0.742309714930922
"693",0.956233157908477,0.901916855169363,0.95687866159288,0.901127478030804
"694",0.922321369382529,0.85348603402652,0.922382593638817,0.853254174294771
"695",0.91423590922274,0.866523457748215,0.91359847300788,0.865758023574752
"696",0.929825872503705,0.798643333255081,0.930147712608829,0.797608145641659
"697",0.882319766016963,0.840093481238309,0.882085965162945,0.839732826947764
"698",0.937094697786132,0.908192040187614,0.935950989588836,0.907711456784958
"699",0.909100310134621,0.805035675113403,0.910319491787166,0.804488280477584
"70",1.0246591146418,0.793339846481797,1.10097726212359,0.865954078453055
"700",0.903195814898392,0.916417812269779,0.903584537683481,0.916547164396194
"701",0.966347570496915,0.918480839810316,0.967836508208852,0.918874505599618
"702",0.903127078046449,0.793265879117961,0.902946144328358,0.793888340730672
"703",0.947534218603716,0.995232705561294,0.947408816314612,0.995717645617456
"704",0.960467048841885,0.839245287162318,0.962121627526017,0.840011880499056
"705",0.937865995334262,0.949115365233702,0.935988107464409,0.949996229246719
"706",0.865171957754043,0.863610502003154,0.865616067014154,0.864649103319606
"707",0.909440169731949,0.86260974463511,0.909818426969929,0.86342142660232
"708",0.981197256021977,1.01107347521377,0.980750842756368,1.01207339174348
"709",0.937000665662981,0.777694561866093,0.93756708223073,0.778642020300182
"71",0.97544187975357,0.886731849889534,1.0524627228018,0.945991442242503
"710",0.940874249916934,0.848930981550895,0.941492363141287,0.850405216586354
"711",0.930589587648772,1.01655817171226,0.930933666358449,1.01915053193088
"712",0.944714714298088,0.923227821873066,0.9452794517486,0.924733294078161
"713",0.935381515223238,1.00468149633165,0.936086618004793,1.00590304114486
"714",0.933680632411306,0.821129201351572,0.933435815773897,0.823164621932078
"715",0.89557545363652,1.04103645707726,0.895604637321997,1.04291790976705
"716",0.939364651322464,0.755837932672988,0.940125528302685,0.757459639519928
"717",0.914140757043016,0.890067121211311,0.91452433079573,0.891246663043051
"718",0.952808927255901,0.911479308295172,0.954176050504704,0.913736342069249
"719",0.921398318450082,0.920606490879074,0.921997210140981,0.921463961534827
"72",1.00587092476605,0.86146849611031,1.09030366548862,0.916712649812701
"720",0.890777437021455,0.981578203327658,0.891012935993145,0.982689287170974
"721",0.898642319796448,1.00975879270118,0.899207032906588,1.01183738792209
"722",0.948722195085141,0.770765707295534,0.946213114684926,0.771754132858078
"723",0.951079724001407,0.943623351595338,0.951572640020147,0.945638143449075
"724",0.903054859432257,0.922174732919492,0.903907313999195,0.922679273212121
"725",0.914892672423364,0.816229599248194,0.915359966479996,0.817221641508533
"726",0.964478031147715,0.812428083652566,0.965345039021105,0.813986669220253
"727",0.943797573810784,0.970809484804274,0.944848906867914,0.972812071160758
"728",0.964591835839202,0.784069059224507,0.965141476439777,0.785315446173649
"729",0.941201948881577,0.946498405414062,0.942292352607181,0.947766593375366
"73",0.955114029661847,0.982612154605861,1.0378804316437,1.03773942611551
"730",0.990633377167766,0.943967852418644,0.992659383173127,0.944952131169089
"731",0.896555179448634,0.850032723352497,0.896784386896814,0.851132804540734
"732",0.936398926304449,0.890741724674559,0.935307986991846,0.891034471415541
"733",0.962723421085369,0.756252043439821,0.964066755862438,0.756990256370051
"734",0.929928833490573,1.0021937525434,0.930598596897691,1.00189205061152
"735",0.968293793681431,0.930981998302884,0.96952797357577,0.930701409582531
"736",0.949288031831588,0.855288303075534,0.949298486283035,0.855430724504105
"737",0.961265534510027,0.865475638609615,0.962730126782871,0.86517988757187
"738",1.00496830399219,0.900739635409974,1.00538967249395,0.900429509086494
"739",0.982676974951684,0.830332522844072,0.992841531905479,0.830540130682666
"74",0.962398768998903,0.973187064114107,1.02367594887858,1.02283373682808
"740",0.973452707433455,0.991122267701478,0.974302290859385,0.990386626169363
"741",0.945788661204903,0.89478734607285,0.946856375156196,0.894610463729189
"742",0.980190107575978,0.955931253995193,0.981060693828604,0.954768591531954
"743",0.95450347246931,1.02990934502896,0.956076345145902,1.02919585832638
"744",0.916572123456468,0.790704699162397,0.917212323900979,0.790290914972905
"745",0.985460965773726,1.00642582179757,0.98596492955569,1.00522891969186
"746",0.962344525753818,1.04926883856919,0.962850913418614,1.04868294134944
"747",0.980870445809309,0.802573255491597,0.980394324079819,0.802486032092862
"748",0.900103545851463,0.773427187372202,0.898157973451666,0.773379160256717
"749",0.966874877318303,0.55987695494959,0.969800569094134,0.559068781312596
"75",1.00804422408748,0.76811420509743,1.10598303695612,0.806890112757839
"750",0.897058540962579,0.884618325986629,0.897936304156193,0.884216028478899
"751",0.950835340650454,1.08587472481971,0.951529897377461,1.08617419625978
"752",0.916509363196491,0.751800404351088,0.916902105636581,0.751485685934747
"753",0.936317253408444,0.909541161069918,0.936593034939397,0.910240143594298
"754",0.966805634662879,0.751055860443968,0.967401340493887,0.751067792632188
"755",0.937898883005873,0.696502530795192,0.93883662382159,0.697300341939695
"756",0.881244228440586,0.883833815057164,0.881600450726097,0.883722492984296
"757",0.957149610415991,0.933632904596175,0.956589457568466,0.933942626076988
"758",0.909549817410527,0.682475260461433,0.908574365485813,0.683289461669154
"759",0.965103454040855,0.903429201958569,0.965386964327996,0.904085585318653
"76",0.960397736413912,0.921761259381958,1.0438691599876,0.969542713902942
"760",0.891945153100004,1.10146261066086,0.89281712795471,1.1029993086414
"761",0.921279582265251,0.983065231414597,0.921618015564011,0.983411668956066
"762",0.883023167287972,0.795457111813443,0.883475741985124,0.796086533916714
"763",0.921115334592383,0.86030452060999,0.923060814971933,0.861158780495642
"764",0.927061595679916,0.896666206370774,0.92735989418058,0.897435825559425
"765",0.954646658676859,1.03415280585309,0.955286945521432,1.03488882379088
"766",0.968245080253016,1.04069780240317,0.968770344934052,1.04173708523254
"767",0.908868606828436,0.97970139959766,0.909823578747386,0.981207879681731
"768",0.845943956995138,0.927510038484606,0.846441406649213,0.928587129196778
"769",0.914494731512381,0.751544011636865,0.915196419930641,0.751726120965687
"77",0.952691493434773,0.797660660471902,1.03370738769167,0.848718995200307
"770",0.910668103242231,0.955217756722503,0.910654640747814,0.956523534769348
"771",0.915908182944239,1.00077826107288,0.91740051813147,1.00231685042078
"772",0.938183437089034,0.805700002452938,0.938517159583433,0.806694947663133
"773",0.93781187294634,1.00119154578657,0.93955794337763,1.00320181774966
"774",0.950754101479417,1.01715484370798,0.951073891947,1.01806792864029
"775",0.942800231183579,1.03315476400259,0.941803822829792,1.03415050295971
"776",0.979661192281152,0.856177839265896,0.980954359916171,0.856937314144117
"777",0.959219266589312,0.988751595880732,0.959472622445079,0.988638751764777
"778",0.955214408952017,1.0123903691179,0.956149895964124,1.0146579873652
"779",0.971894404557286,1.28950237125253,0.972741096808224,1.28935110396854
"78",0.945982310216327,0.924574305745805,1.05649553802727,0.973024433747492
"780",0.960424836308508,0.996623640876066,0.960477967800614,0.997147939465143
"781",0.923911002012893,1.12240715313232,0.92483527509401,1.12235577882853
"782",0.944766837744326,1.02754294936535,0.945174484663986,1.0276091752858
"783",0.939344120010257,0.898710073932452,0.940142047457882,0.898804838921424
"784",0.930328975084397,1.01223716491394,0.931030822606554,1.01245413584343
"785",0.996163527006898,0.826222901383278,0.994598606605063,0.825520459414581
"786",0.963112035425445,0.944462629495877,0.963427262476627,0.944105787833553
"787",1.00787146340405,0.950767376136048,1.00869681780647,0.951079257119689
"788",0.944625613594206,0.960202735118959,0.945087748620438,0.958987951690065
"789",0.941724624301598,0.892447122574859,0.942243020699295,0.891368954002638
"79",0.964999406053492,0.99332500732942,1.05529726131916,1.03763510516133
"790",0.990102077203337,1.15154735027716,0.990634875241678,1.15034188954696
"791",0.924382827970709,0.941303768548532,0.925659169769978,0.941240578005244
"792",0.987290554981965,0.858100764807633,0.986938797664785,0.857478616985235
"793",1.01013312774737,0.886584392057839,1.01003685179067,0.885899929342979
"794",0.977995233979587,0.698028162028736,0.978255416526758,0.69765299420126
"795",0.951500081153138,0.855777844828905,0.952012411555307,0.855546715397617
"796",1.01328992168888,1.02520271349516,1.01227287102119,1.02402116865009
"797",1.02003648945667,0.970176528912468,1.02000835331619,0.968627878510842
"798",0.967874054294378,0.896097788003205,0.966413074216631,0.894950667263722
"799",0.986829079110675,0.907295030054058,0.987233542410752,0.905841656193698
"80",0.976909938421117,0.944831900388314,1.05107356822904,0.988419457463035
"800",1.02703863453424,0.946291079458016,1.02651407517262,0.944634908968655
"801",0.914391032032598,0.964377397806079,0.914105121788553,0.963906085423398
"802",0.962866879365006,0.903911653185723,0.963567866907523,0.9019273816569
"803",0.965648923590517,0.936637373719573,0.967045283254432,0.934434319014799
"804",1.0275191319584,0.90497789298935,1.03093325061146,0.905161948224072
"805",0.984770893827595,1.12429724559477,0.985092121769244,1.12240362850282
"806",0.97268838831893,1.10449638389004,0.973533705558103,1.10203725529737
"807",0.945590709299341,1.00296006526725,0.94615024049488,0.999416966424626
"808",0.951253139210331,0.872321480215372,0.951718738317587,0.869827607064102
"809",0.936541377124835,1.03870130165391,0.937290548189505,1.03658116374801
"81",0.966610699464816,0.891065656516853,1.0623565020772,0.923671425529437
"810",0.944050060338422,0.82408881734798,0.944066898884541,0.822171056054685
"811",0.976007106406593,0.923018308660532,0.976133921504766,0.921029243711853
"812",0.971013011269411,0.805376099363195,0.971394384497882,0.802943526582328
"813",0.985999833206768,0.967293817432141,0.987191268957745,0.967431009521113
"814",0.942986183779498,1.18648015055208,0.944041136869211,1.18616965489775
"815",0.938379169272841,0.930689604865562,0.938079156148558,0.930977157029528
"816",0.914710980219479,1.03362086843973,0.915506230249386,1.03333610094745
"817",0.98364604112155,1.11630885834721,0.984935737277837,1.11600589148177
"818",0.966453218372665,0.901856992770087,0.967256644117128,0.901930776890433
"819",0.993143838748152,0.863403326685821,0.994319374286593,0.862153794446109
"82",1.00188072343093,1.06554844833969,1.10315614972161,1.10864775634671
"820",0.956267991428781,0.97793829464092,0.959111283732436,0.977405206554611
"821",1.03389489270659,0.912697532323613,1.03567579872456,0.913692204649948
"822",0.956626701983862,0.909266651458075,0.95824158988252,0.90912717139767
"823",1.01083485047463,0.892901417459939,1.01237145314138,0.892741315802665
"824",0.899398988419435,0.891411299176356,0.900535306155909,0.89119831971878
"825",0.979429419623828,0.773289591745611,0.980573598747655,0.772853499429836
"826",0.961544436254595,1.1251137728541,0.961630784136725,1.12439660139829
"827",0.896845638251617,1.02618007621638,0.897901789840397,1.02743945964748
"828",0.890420170992807,1.08599191142454,0.891568306244962,1.08572655497592
"829",0.997917369309358,1.14607815857511,0.999981671578328,1.14554800202939
"83",0.977495965984183,0.974298576555796,1.07475098298355,1.00807729638233
"830",1.02708788776442,1.07440343811326,1.02873774032885,1.07374331268346
"831",1.03894400107305,1.20780320512912,1.04041396330818,1.20836688471664
"832",0.866448281203791,0.828668578510062,0.867004236756548,0.828469680348598
"833",0.991929365599134,1.01724023924736,0.993578783692418,1.01970453608666
"834",0.910811162849159,0.989229822243352,0.911899549859689,0.988452784521736
"835",0.90460784573755,1.10801518450108,0.905399709068525,1.10790903899172
"836",0.935789111710345,1.08148974250336,0.943404919945453,1.08069331858624
"837",1.00007330199159,1.03213028434581,1.00139853935101,1.03190524942614
"838",1.00737487960652,0.942900615783177,1.00857326107594,0.941888896140589
"839",0.9352585699936,1.12957640605321,0.936361273961762,1.12762188665316
"84",0.970521190359348,0.825450026650087,1.04084544536614,0.854333884646648
"840",0.965789896124311,0.976903134224756,0.967148322862132,0.975187148146253
"841",0.946147967751941,1.11406302545904,0.947077796737227,1.11133306645947
"842",0.916126564558913,0.86225620361326,0.917211465011864,0.860452216782286
"843",0.955859501197962,0.770444645988115,0.957454589148889,0.770040851412562
"844",0.935611549256936,0.845163726391738,0.937066843674474,0.843217739798441
"845",0.96302443635584,0.957007061547865,0.964174752054515,0.955026262312446
"846",0.952429872824042,0.982442839909596,0.953699493694155,0.979644382633459
"847",0.956321140595232,0.759443520266384,0.957087379136992,0.757120648173117
"848",1.02012533014562,0.836171380746706,1.02233141443288,0.833670254198844
"849",0.963903636472108,0.853336824058457,0.965480020925916,0.850778191888763
"85",0.991345241465848,0.897122078659574,1.10126401526457,0.937899113197618
"850",0.948734446147096,0.933953135151204,0.950406839213405,0.93020343661485
"851",1.00481468634546,0.990969413469671,1.00603846540623,0.987258053846978
"852",0.924601378754321,0.83463216113579,0.925808676247455,0.83162632402273
"853",0.963689442654399,1.04860239066705,0.967277120434341,1.04486775188124
"854",0.969518469043332,0.839191975470465,0.970343755993614,0.835728606159097
"855",0.959451655077065,0.982529192051353,0.958705222739111,0.979453140333501
"856",0.936759948784795,0.844440630204165,0.937938045815208,0.840626782385181
"857",0.957968809825978,0.881083001103262,0.958106232295639,0.877748272123663
"858",0.933836870457726,0.993177006759476,0.932763760912738,0.99105887407027
"859",0.972300222759928,0.820016013293916,0.972956367461161,0.817349922797622
"86",0.956703943800696,0.920753879441181,1.07930962879538,0.977064532634267
"860",0.960417093848801,1.1681047163554,0.960258064014364,1.16371271527559
"861",0.913891015890347,1.20999975668827,0.913043503349411,1.20607202960116
"862",0.990475079650647,1.00314148442089,0.990077126803954,1.00008618971194
"863",0.940713445512572,0.795623230738069,0.941716063991566,0.790769643498865
"864",1.04738821545715,0.911370262583334,1.04712939798124,0.908714058148257
"865",0.997949315513038,1.06533056564447,0.997361497240246,1.06261596498291
"866",0.95005668957933,0.992696157708428,0.949553837723181,0.989179610415869
"867",0.980623225573524,1.09289138638742,0.980328006444448,1.0883036806288
"868",0.9523539777172,0.887892605787858,0.95070927504806,0.884850141499065
"869",0.918965683430833,0.91094807218532,0.918476220379543,0.908954545362052
"87",1.01912514864939,0.656388381903242,1.119055476082,0.695810713502899
"870",0.926935320905955,0.853501953197353,0.925919208982855,0.850678227941729
"871",0.938528404478282,0.954666589242007,0.938370910721402,0.950689627534827
"872",0.946699936841499,0.877673702909388,0.944796481450621,0.874219462191999
"873",0.966031342385794,0.868218320491332,0.965184341288537,0.865007092557843
"874",0.941977907090469,0.98397320264044,0.94078221305449,0.983220213239294
"875",0.952170751599523,0.924450223500663,0.951372953776426,0.923137131502952
"876",1.00788404401469,0.946568152421333,1.00676481469408,0.943545214677303
"877",1.02405842885702,1.02169954919085,1.02336489393287,1.01868203053945
"878",1.00814212708309,1.16574892191291,1.00689196287271,1.16371120978441
"879",1.0048954494876,1.17580474365301,1.00628407165952,1.17289986069685
"88",0.980413961501746,0.769362432817774,1.08251515498815,0.813480554363646
"880",0.977982471692377,0.969563866677864,0.978626867233452,0.966863113299257
"881",0.992548413739645,1.0821126325537,0.992236726507123,1.07974112237947
"882",1.00165895645444,1.16022635854267,1.00093209254281,1.15962305032667
"883",0.998196221427412,1.05328954521692,0.997990323095753,1.05255609504691
"884",0.964782019728243,1.2190853046982,0.96412049010445,1.21801794512027
"885",0.936316663755191,1.11871770110433,0.936287731026562,1.11781785761168
"886",0.987142757790438,1.0123985895757,0.986695358850063,1.01100453726923
"887",0.949232443212971,1.06255690975123,0.950338199475426,1.05975320051748
"888",0.951962521645136,1.15263708365894,0.950885327492563,1.1517647258692
"889",0.957262002813597,1.12147053452488,0.957000347633812,1.12000792402184
"89",0.962137982584211,0.886196858867981,1.08944894520568,0.938993268982642
"890",1.01251719719145,0.895554851018945,1.01205333432927,0.894404419387015
"891",1.00122416842041,1.02985215141668,1.00158969459653,1.02789443072626
"892",1.0063163765623,0.915749838318066,1.00610575945761,0.913596295588243
"893",1.00462499830217,1.14650315406842,1.00638519298383,1.14624533075401
"894",0.96259488464574,1.18083487516798,0.96264560573258,1.18056683050529
"895",1.01552189669276,1.07357053909423,1.01503695283194,1.07259802174122
"896",1.00714915889873,1.03185103583024,1.00826487478826,1.03217046459076
"897",1.02151912065749,1.03179702878903,1.02124198240792,1.03068976343427
"898",0.999456724218212,0.999386046393382,0.999438376662257,0.9990312924633
"899",1.05936804257688,1.05783657165878,1.05839925657636,1.05647651842595
"90",1.00521342280056,0.946806673327904,1.11586680642686,0.992610804981684
"900",1.01373815127998,1.24975303830176,1.01410449576535,1.24858337676426
"901",1.01710877676764,1.02667770631211,1.0173803880419,1.0243856776843
"902",0.98172938602654,1.07824563952548,0.980235601139214,1.07683876380636
"903",1.01403190415304,0.952934658330689,1.01440721799594,0.950791567630694
"904",1.00383539795246,0.962027752898416,1.00347742732675,0.961080883317094
"905",1.01937556435716,1.10875596081684,1.01940924996784,1.1069488478825
"906",1.03138893420813,1.05976572765461,1.03106584091953,1.06071309227445
"907",0.985186648196172,1.0347389707345,0.984708858208689,1.03843943710607
"908",0.990969326225989,1.26453541791923,0.990372988024864,1.26549721272004
"909",1.08287153176186,0.94502613130225,1.08257356622588,0.945271512371034
"91",0.99621959180377,0.72452509429117,1.09425401724763,0.75962898457321
"910",1.03146040199377,0.932597192821091,1.03197848884747,0.932247290243503
"911",1.02593451473105,1.02216140492288,1.02747738334451,1.02136105475422
"912",1.00494004937997,1.07226870971661,1.00506037111067,1.07277001805091
"913",1.06927512488045,1.00299560516554,1.06770524440165,1.00265386442085
"914",1.00697022894141,1.15046964373054,1.00663550196688,1.15017623083334
"915",1.06642252366571,1.17023900491837,1.06635173978073,1.17072483976479
"916",1.02987139425856,1.06612007166461,1.02995231883744,1.06616172643685
"917",1.0227723506128,1.0272350090594,1.02273600877404,1.02710605609382
"918",1.07231779810259,0.874273563010909,1.07256308870499,0.873633904348877
"919",1.0058454691791,0.964239316664085,1.00460026520332,0.963218338194588
"92",0.954685188862787,0.841071011091279,1.00763945043778,0.889328696865984
"920",1.02813156748299,0.945161088535633,1.02802381897045,0.944757422658598
"921",1.04103048538679,0.886009679613481,1.04162567629374,0.885989371195778
"922",1.03300545309042,1.13956263265967,1.03312300462386,1.14090213483423
"923",1.031325959762,0.796918117925346,1.02992912534023,0.79702506021086
"924",1.06268317760668,1.08742593897435,1.06236563416058,1.08711186392871
"925",1.02729435331226,0.85528832931093,1.02582772705235,0.855742836988598
"926",1.0800948033249,0.868698850328847,1.08053136725981,0.868764687860753
"927",1.11101397828982,1.0534117441547,1.11071532946367,1.05274105122611
"928",1.04718958404155,1.12203767710051,1.04642745275433,1.12242544034773
"929",1.05005086208345,1.05106826216905,1.04944850268303,1.05186159628627
"93",0.98936550060579,1.00089840723192,1.09585541434554,1.03995262904687
"930",1.05348352454146,1.12619176605075,1.05241619921956,1.12606618894674
"931",1.06425979312071,1.04768513196975,1.06302216719538,1.04771671331398
"932",1.0386186779024,1.16046051168766,1.03773700698544,1.16043517854098
"933",1.00352904168187,0.94747284609086,1.0017900491946,0.947478641661437
"934",1.01375654962537,1.10418732271164,1.01285245146696,1.10506573164181
"935",1.06630109979652,1.02661395064566,1.06471073432736,1.02637579360033
"936",1.01613150598103,0.865119319197609,1.0152191518484,0.864707399006315
"937",1.02497569220525,0.995526136699351,1.02385440040756,0.995700071814221
"938",1.07659807062959,1.10508308509192,1.0757126056024,1.10542239997932
"939",1.04346916575962,1.0787666534808,1.04237004514733,1.07468445490008
"94",0.952361106259557,0.919442401968515,1.0658249557892,0.962103073831869
"940",1.0582023982009,0.974507544797808,1.05716968940343,0.974225932327961
"941",1.05342021742159,1.22229308938232,1.05212705891952,1.22188435228795
"942",1.04118224548445,1.12377863187293,1.03957819302065,1.12378187474497
"943",1.07032167720887,0.937599309033896,1.06947327888498,0.937327081321413
"944",1.09996347002425,1.10475341381023,1.09966385361097,1.10555276585208
"945",1.0435449464174,1.00193738416661,1.04299137701667,1.00245248684245
"946",1.0342421918105,1.10717884096567,1.03359459724757,1.10614042141647
"947",0.996423692663916,1.0985859321795,0.996006472256646,1.09905745090676
"948",1.03947085726225,0.981819629096736,1.03941795476113,0.982807570138164
"949",1.03620385548562,0.745897438127697,1.03572970020972,0.745088877613144
"95",0.966418419726027,0.897490847078057,1.05965624839313,0.942792557874912
"950",1.01168688482948,1.12052625163512,1.01090338192489,1.11926326226983
"951",1.08760953629733,0.94415500973349,1.0877398113967,0.944560123821917
"952",1.04629964703615,0.91175365565472,1.04656486660124,0.910938756946191
"953",1.02933701319515,1.097573377321,1.02928172109992,1.09704753422305
"954",1.06137570921452,1.06238794023472,1.06176571485491,1.06281834179041
"955",1.07832057555393,0.920802162136046,1.07866579967408,0.920763520785919
"956",1.03451938484946,1.13047249985164,1.0346599311387,1.13072619618111
"957",1.02838777872042,1.10318642200774,1.02797326625603,1.10319119026388
"958",1.04575201853117,1.06786211487338,1.04624921638006,1.06886510571709
"959",1.11270502287263,1.00424082871797,1.11320129943146,1.00399404957006
"96",0.977725750019603,0.848689537464673,1.08527193770191,0.891820227076268
"960",1.06986865790167,1.1522941535399,1.06984289199874,1.15241934861283
"961",1.07661591438798,1.11302197538071,1.07713656621014,1.11532552982692
"962",1.06703933284072,1.20055265255066,1.06718505973724,1.20127679353661
"963",1.05940960829674,1.14034566543987,1.05942459289202,1.14195832248241
"964",1.03092144826037,0.999819398915697,1.03042120187607,0.999605301283922
"965",1.03115848680769,0.96709396117718,1.0318883068735,0.96766653607343
"966",1.04274300967413,0.989596288624513,1.04313577326099,0.990293084126124
"967",1.08992292869944,1.16980285641987,1.09062786637409,1.1709996747858
"968",1.1017014468412,0.973181331812009,1.10178885777,0.973088700573561
"969",1.05121727943994,1.03363851670833,1.0514372580271,1.03367724704915
"97",0.988864354749196,0.869081582162538,1.1113205426776,0.91825205716891
"970",1.13330408128873,1.02700618935666,1.13351658631617,1.02705934327839
"971",1.10813604013152,1.11374058714363,1.10832582670429,1.1137643242743
"972",1.04502647699517,0.90663980482015,1.04532563803892,0.908964463954464
"973",1.07596135632311,0.990505702410263,1.07420747218547,0.990891373021757
"974",1.03807738488702,1.11823978522885,1.03817268324906,1.11916283203823
"975",1.03924717614914,1.01078935973242,1.03981426850285,1.01220327042165
"976",1.07067426580292,1.19219518716146,1.07108183845619,1.1924447955301
"977",1.10673675349941,1.15593125189064,1.10714164001686,1.15767632554556
"978",1.07741783107599,1.2857108960016,1.07593146770702,1.28688719270578
"979",1.08424724389614,1.23569990882788,1.08403444707513,1.23769402380611
"98",1.0077213884223,0.823688202324896,1.12934530416261,0.851743950823402
"980",1.05745650191314,1.26542365912043,1.05691219086253,1.26768419974666
"981",1.0400680107069,1.28864007569542,1.04047802815858,1.29123939824286
"982",1.01537406825802,1.41676633695556,1.01577593342745,1.42115775495347
"983",1.07550507150666,1.2321285837283,1.07592025504237,1.23457478646761
"984",1.10306983684589,1.25548953332484,1.10338065384656,1.25700622651554
"985",1.11739318313013,1.35423545680139,1.11776960540922,1.35774643726485
"986",1.12112987845664,1.30158747314381,1.12177047217054,1.30447305007471
"987",1.09199692659601,1.13900404389881,1.09308009061731,1.14034179097697
"988",1.05163330074893,1.44628077462238,1.05198606521069,1.44958757913386
"989",1.06791998761216,1.08074781508723,1.06811772886561,1.08186257659354
"99",0.959505922498502,0.848682932219677,0.865090438537469,0.79362803861327
"990",1.03648550462694,1.13684150592408,1.03615331607345,1.13848236422993
"991",1.0546880893984,1.22420383436216,1.05433547551048,1.22671771703613
"992",1.09523291444682,1.21590499433453,1.0956310945448,1.21884978837262
"993",1.03463769060651,1.10848180700976,1.03466685977529,1.11110678892178
"994",1.08534157623275,1.18201189977946,1.08605106759246,1.1841532501653
"995",1.13776407897905,1.20007748688735,1.138182420283,1.20280627995824
"996",1.06839667027437,1.23380971844297,1.06900409366664,1.23573288814904
"997",1.12564061654173,1.35659774642859,1.12603404214551,1.35919001685936
"998",1.13900712488521,1.43727076914923,1.13987952883103,1.44177231834908
"999",1.05847722438075,1.38877209151241,1.05931722848073,1.39052079958146
