"","year","sfc","samp.depth","VI IX instr","BI ssf rec scaling","sfc_resc5180","sfc_resc8111","sfc_resc"
"1","1466",1.04461009683777,1,NA,11.6158483947368,11.8252963422818,11.8117106192145,11.8240184475847
"2","1467",1.07065717320943,1,NA,11.9719010263158,12.4775943410529,12.5050719622497,12.495789641067
"3","1468",1.0974010316013,1,NA,12.3576247105263,13.147341880451,13.2169813262008,13.1855313001263
"4","1469",0.974416770615213,1,NA,10.6663747105263,10.0674420031333,9.94319615535185,10.0136864986859
"5","1470",1.09970255450457,1,NA,12.3872957631579,13.2049790126383,13.2782468205874,13.2448890862169
"6","1471",1.10718659382159,1,NA,12.4763089210526,13.3924021153145,13.4774685481294,13.4379073717369
"7","1472",1.04237297102629,1,NA,11.5861773421053,11.7692719090977,11.7521593461637,11.7663215047531
"8","1473",0.856186275973805,1,NA,9.06413786842105,7.10659089079079,6.7959540855479,6.96444445101852
"9","1474",0.989937360369251,1,NA,10.8740720789474,10.4561247670584,10.3563472055122,10.4139726941057
"10","1475",1.00196866485649,1,NA,11.0520983947368,10.7574252173527,10.6766150666229,10.7242679325892
"11","1476",0.96872059240124,1,NA,10.5773615526316,9.92479237917549,9.79156647836803,9.86677832432922
"12","1477",0.943265321474397,1,NA,10.2509799736842,9.2873149883609,9.11395872748952,9.21027018165155
"13","1478",0.955698603896189,1,NA,10.4290062894737,9.59868218850908,9.44492705864891,9.53093269487232
"14","1479",0.81575833675547,1,NA,8.53005892105263,6.09415235564488,5.71978070498876,5.92178136702333
"15","1480",1.00998664764291,1,NA,11.1411115526316,10.9582198881685,10.8900501268154,10.9310569705947
"16","1481",0.961992162529102,1,NA,10.5180194473684,9.75629203472829,9.6124587310686,9.69324770227497
"17","1482",1.00136826401265,1,NA,11.0520983947368,10.7423893544671,10.6606326688481,10.7087832008029
"18","1483",0.965942898774619,2,NA,10.3993352368421,9.8552304840902,9.71762553559144,9.7951397827878
"19","1484",0.956117944292715,2,NA,10.2213089210526,9.60918374720823,9.45608970954976,9.54174775889835
"20","1485",0.973596508454978,2,NA,10.5476905,10.0469001443099,9.92136114919047,9.99253139926178
"21","1486",1.01774104258058,2,NA,11.3191378684211,11.1524135177087,11.0964685981898,11.1310479049969
"22","1487",1.00519045452391,2,NA,11.1114405,10.8381086277491,10.7623776443075,10.8073600024687
"23","1488",0.953978765907322,2,NA,10.1916378684211,9.55561221542109,9.39914575249582,9.48657694446517
"24","1489",0.970043021937144,2,NA,10.4586773421053,9.9579100361239,9.82676895199694,9.90088464992808
"25","1490",1.00207644183881,2,NA,11.0520983947368,10.7601242807284,10.6794840409423,10.7270475716936
"26","1491",0.968869941450981,2,NA,10.4883483947368,9.92853253353579,9.79554208224125,9.87063013433501
"27","1492",0.968624338142993,2,NA,10.4883483947368,9.92238187984989,9.78900423372995,9.86429586384046
"28","1493",0.979563060880693,2,NA,10.6663747105263,10.1963207607093,10.0801880648932,10.1464127019771
"29","1494",1.00322337944473,2,NA,11.0817694473684,10.7888470860977,10.7100149990997,10.7566278452487
"30","1495",1.01217393294882,2,NA,11.2301247105263,11.0129961635335,10.9482746682445,10.9874684940791
"31","1496",0.985739006630832,2,NA,10.7850589210526,10.3509852226955,10.2445889357905,10.3056943959475
"32","1497",0.974863067175557,2,NA,10.6070326052632,10.0786186261453,9.95507636709067,10.0251967798672
"33","1498",0.959679590335993,2,NA,10.3399931315789,9.6983781947236,9.55089910960474,9.63360494774805
"34","1499",0.976025044918593,2,NA,10.6367036578947,10.1077180822833,9.98600768686694,10.0551649484287
"35","1500",0.947847140270346,2,NA,10.1322957631579,9.40205766384138,9.23592466288176,9.32843829529915
"36","1501",0.968039832823192,2,NA,10.4883483947368,9.90774408922276,9.77344496758561,9.84922108805078
"37","1502",1.00219776222489,2,NA,11.0817694473684,10.7631625121184,10.6827135345189,10.7301765040693
"38","1503",0.977672364829712,2,NA,10.6663747105263,10.1489719821846,10.0298585947264,10.0976504100194
"39","1504",0.997452337465362,2,NA,10.9927562894737,10.6443226458014,10.5563924826823,10.6077888852518
"40","1505",1.00068760311549,2,NA,11.0520983947368,10.7253435357838,10.6425137849061,10.6912285095692
"41","1506",0.996569804966442,2,NA,10.9927562894737,10.6222213483398,10.5328998683868,10.585027792927
"42","1507",1.01640112877511,2,NA,11.3488089210526,11.1188580014825,11.0608007012459,11.0964906486115
"43","1508",1.0098755600811,2,NA,11.2301247105263,10.9554379178151,10.8870930263734,10.9281919494724
"44","1509",1.0141786203196,2,NA,11.2894668157895,11.0631996313417,11.0016385355722,11.0391706969833
"45","1510",1.00286665142592,2,NA,11.1114405,10.7799135317342,10.7005190612565,10.7474275955345
"46","1511",0.99617263321572,2,NA,11.0224273421053,10.6122749599441,10.5223273367688,10.5747844728248
"47","1512",0.987075934400342,2,NA,10.8444010263158,10.384465959501,10.2801773458132,10.3401746405058
"48","1513",1.01920591475451,3,NA,11.3784799736842,11.1890983714664,11.1354628301488,11.168827919711
"49","1514",1.00309016709966,3,NA,11.2004536578947,10.7855110438923,10.7064689469758,10.7531922114463
"50","1515",1.0454698356889,3,NA,11.9125589210526,11.8468268174898,11.8345964769582,11.8461916767743
"51","1516",1.06339777506141,4,NA,12.7136773421053,12.2957969363588,12.3118300805998,12.3085649987204
"52","1517",1.00068933416628,4,NA,11.2004536578947,10.7253868865595,10.6425598646918,10.691273154505
"53","1518",0.994496986500495,4,NA,10.9927562894737,10.5703116707291,10.4777223822495,10.5315684443662
"54","1519",0.983679233719511,4,NA,10.6663747105263,10.2994022454428,10.1897587163922,10.2525715008019
"55","1520",0.98638063366783,4,NA,10.7257168157895,10.3670535148223,10.2616687561032,10.3222423783108
"56","1521",1.01420829372374,4,NA,11.4971641842105,11.0639427436152,11.0024284281135,11.0399359935498
"57","1522",1.00375437925467,4,NA,11.2597957631579,10.8021449360532,10.7241499728725,10.7703226788252
"58","1523",1.00654236300494,4,NA,11.0224273421053,10.8719645271258,10.798364834067,10.8422266094085
"59","1524",1.00547767154368,4,NA,11.0520983947368,10.845301415321,10.7700232309265,10.8147675178999
"60","1525",0.982111241157092,4,NA,10.5773615526316,10.2601349435791,10.1480194665265,10.2121319435941
"61","1526",1.01332271235784,4,NA,11.3488089210526,11.0417650932529,10.9788546543636,11.0170962689446
"62","1527",0.983488717507926,4,NA,10.3696641842105,10.2946311401649,10.1846872613679,10.2476579626755
"63","1528",1.00474128240578,4,NA,11.1707826052632,10.8268599920258,10.7504208865263,10.7957755587649
"64","1529",0.898638754723503,4,NA,8.41137471052632,8.16973005221418,7.92601978893296,8.05932173816763
"65","1530",0.966797880424525,4,NA,10.2806510263158,9.87664182451328,9.74038475879909,9.8171903206358
"66","1531",0.969749625447649,4,NA,10.2509799736842,9.95056249583903,9.81895887070047,9.89331776191735
"67","1532",0.982243960279056,4,NA,10.5180194473684,10.263458633978,10.1515523892753,10.2155548568489
"68","1533",1.01200808844021,4,NA,11.3191378684211,11.0088429127223,10.9438599627481,10.9831912553637
"69","1534",1.00729747479533,4,NA,11.2004536578947,10.8908748225727,10.8184655669727,10.8617014380381
"70","1535",0.987211197750865,4,NA,10.7553878684211,10.3878533651197,10.2837779947707,10.3436631710848
"71","1536",0.994926610287986,4,NA,10.7850589210526,10.5810707568087,10.4891587723473,10.5426487237938
"72","1537",0.99772775115808,4,NA,11.1707826052632,10.6512198421712,10.5637238700959,10.6148919851321
"73","1538",0.978192853170531,4,NA,10.4586773421053,10.1620065929891,10.0437137579653,10.1110741459089
"74","1539",0.978105798140364,4,NA,10.3696641842105,10.1598264703085,10.0413963926006,10.1088289395494
"75","1540",0.932840883243672,4,NA,9.03446681578948,9.02625535544129,8.83646491632582,8.94141707845809
"76","1541",1.01591053108052,4,NA,11.4378220789474,11.1065719433538,11.047741213434,11.0838378121045
"77","1542",0.991389777001881,4,NA,10.8740720789474,10.492497696186,10.3950098766189,10.4514314722354
"78","1543",1.02214426511386,4,NA,11.6455194473684,11.2626835996795,11.2136803821841,11.2446099038233
"79","1544",0.992515933295747,4,NA,10.7850589210526,10.5207000743074,10.4249876456875,10.4804757821143
"80","1545",1.00014315079468,4,NA,10.9334141842105,10.7117087940483,10.6280207114036,10.6771867269089
"81","1546",1.01000926984475,4,NA,11.2597957631579,10.9587864168943,10.8906523195539,10.9316404120263
"82","1547",0.990388312619097,4,NA,10.8444010263158,10.467417982693,10.3683513495911,10.4256030485746
"83","1548",1.00460470479294,4,NA,11.1707826052632,10.8234396732821,10.746785252503,10.7922531324983
"84","1549",1.01779616054943,4,NA,11.4971641842105,11.1537938392566,11.0979358134872,11.1324694335856
"85","1550",1.00944638158523,4,NA,11.2301247105263,10.9446899831919,10.8756684897363,10.917123154408
"86","1551",0.989597925627119,4,NA,10.9037431315789,10.44762428893,10.3473116068401,10.405218449346
"87","1552",0.998704115854651,4,NA,10.9927562894737,10.6756709831959,10.5897142548764,10.6400730714134
"88","1553",1.00850343307481,4,NA,11.2894668157895,10.9210756850836,10.8505676286544,10.8928038934976
"89","1554",0.932917110619403,4,NA,9.27183523684211,9.02816432072904,8.83849405444708,8.94338303250376
"90","1555",1.0718356704229,4,NA,12.8620326052632,12.5071074949644,12.5364430228261,12.5261838576121
"91","1556",0.999616535625447,4,NA,11.1411115526316,10.6985207488293,10.6140024547751,10.6636049760939
"92","1557",0.970559417768748,4,NA,10.2806510263158,9.97084215805278,9.84051517449922,9.91420283731911
"93","1558",0.979483372301933,4,NA,10.6070326052632,10.1943251163726,10.0780667911193,10.1443574812339
"94","1559",1.01104527545547,4,NA,11.3488089210526,10.9847311477711,10.9182303183816,10.958359676624
"95","1560",1.02943329837292,4,NA,11.8235457631579,11.4452231576713,11.4077111370304,11.4325988551323
"96","1561",1.0196631383343,4,NA,11.5861773421053,11.2005486402732,11.1476339141824,11.1806200158948
"97","1562",0.968479701827375,4,NA,10.1916378684211,9.91875974668296,9.78515408069865,9.86056559834051
"98","1563",0.998536691564969,4,NA,10.8740720789474,10.6714781698626,10.5852574963253,10.6357550891073
"99","1564",1.02080858390339,4,NA,11.6158483947368,11.229234080503,11.1781251549968,11.2101618088407
"100","1565",1.00242626741042,4,NA,11.0520983947368,10.7688849768245,10.6887962387761,10.7360698027649
"101","1566",0.978850438847429,4,NA,10.2806510263158,10.1784745379876,10.0612183900241,10.1280337120684
"102","1567",1.00758390971172,4,NA,11.0817694473684,10.8980480238979,10.8260903343552,10.86908878251
"103","1568",1.00220172496431,4,NA,10.9927562894737,10.7632617511639,10.6828190208426,10.7302787057197
"104","1569",0.985376192437572,4,NA,10.4883483947368,10.3418992520163,10.2349309867477,10.2963371798001
"105","1570",1.04056635275496,4,NA,11.9125589210526,11.7240286938471,11.704067988305,11.7197276339101
"106","1571",1.03064925994714,4,NA,11.9125589210526,11.4756745331011,11.4400794818744,11.4639593021277
"107","1572",1.00808191533135,4,NA,11.2004536578947,10.9105195989961,10.839347017767,10.8819326742652
"108","1573",1.03383723426832,4,NA,11.9125589210526,11.5555111043987,11.5249419104002,11.5461792520358
"109","1574",0.986647307776475,4,NA,10.6960457631579,10.3737318454308,10.2687674997582,10.3291200785824
"110","1575",0.97958778347377,4,NA,10.4290062894737,10.1969398896188,10.0808461690925,10.1470503138772
"111","1576",1.07618920243175,4,NA,13.1884141842105,12.6161331750998,12.6523320676283,12.6384643052032
"112","1577",1.04951501525589,4,NA,12.3872957631579,11.9481304148134,11.9422773198045,11.9505195125279
"113","1578",1.00838905586082,4,NA,11.2004536578947,10.9182113318362,10.8475229591654,10.8898540300867
"114","1579",1.0408312322977,4,NA,12.0312431315789,11.7306620830682,11.7111189614306,11.7265590511493
"115","1580",1.08215409175327,4,NA,13.1290720789474,12.7655121423129,12.8111147122528,12.79230271537
"116","1581",0.993912052510701,5,NA,10.7553878684211,10.5556631449018,10.4621517051046,10.5164826128961
"117","1582",0.970341265722604,5,NA,10.1619668157895,9.96537896743986,9.83470806611047,9.90857655288289
"118","1583",1.0216773190221,5,NA,11.6158483947368,11.2509898496077,11.2012504892974,11.2325670576751
"119","1584",0.962406499426674,5,NA,10.0729536578947,9.76666829059851,9.62348819109976,9.70393372277932
"120","1585",1.00485641564843,5,NA,11.1707826052632,10.8297432785299,10.7534856811549,10.7987449206511
"121","1586",0.980891140771482,5,NA,10.2509799736842,10.2295799197262,10.1155409484029,10.1806647539367
"122","1587",0.969799021079916,5,NA,10.1619668157895,9.95179951267794,9.82027375999708,9.89459170769029
"123","1588",0.950036593048045,5,NA,9.36084839473684,9.456888219291,9.29420690142541,9.38490571930334
"124","1589",1.06510528565204,5,NA,12.9510457631579,12.3385581939086,12.3572832370106,12.352602817437
"125","1590",1.00201565519084,5,NA,11.0520983947368,10.7586019982174,10.6778659279813,10.7254798441502
"126","1591",0.98658560425186,5,NA,10.6070326052632,10.3721866015405,10.2671249799572,10.3275287041886
"127","1592",1.0306450072333,5,NA,11.9422299736842,11.4755680322145,11.4399662765634,11.4638496218468
"128","1593",1.08939651194611,5,NA,13.5444668157895,12.9468843673811,13.0039046484469,12.9790894851105
"129","1594",1.00443981966834,5,NA,11.0224273421053,10.8193104483638,10.7423960853732,10.7880006369261
"130","1595",0.988199507811668,5,NA,10.5773615526316,10.4126036543893,10.3100863597217,10.3691523361489
"131","1596",0.920257178614155,5,NA,8.55972997368421,8.71112112579353,8.50149241431507,8.61687507778283
"132","1597",0.984329435793224,5,NA,10.6960457631579,10.3156852825648,10.2070668002877,10.2693406389896
"133","1598",0.956037591333093,5,NA,9.59821681578947,9.60717146475438,9.45395075025907,9.53967540333663
"134","1599",1.01666975828843,5,NA,11.1707826052632,11.1255853013702,11.0679514968852,11.1034187800529
"135","1600",0.992626750599522,5,NA,10.7257168157895,10.5234752765777,10.4279375519833,10.4833338331045
"136","1601",0.949264052271073,5,NA,10.3696641842105,9.43754144902023,9.27364221681254,9.36498138567162
"137","1602",1.0151310566188,5,NA,11.4378220789474,11.0870515325325,11.0269919572824,11.0637346541929
"138","1603",0.974379199232526,5,NA,10.3993352368421,10.0665011014602,9.9421960222088,10.0127175080695
"139","1604",1.04572561363084,5,NA,12.0609141842105,11.8532322749497,11.8414051696041,11.8527883577557
"140","1605",0.992333390734848,5,NA,10.8740720789474,10.5161286534898,10.420128445623,10.475767889672
"141","1606",0.994143501493457,5,NA,10.8147299736842,10.5614593312421,10.4683127719068,10.5224518340539
"142","1607",1.02185391137565,5,NA,11.4971641842105,11.2554122591393,11.2059512975448,11.237121490365
"143","1608",0.992799430363263,5,NA,10.7850589210526,10.5277997029629,10.432534208867,10.4877873575356
"144","1609",0.992294635473376,5,NA,11.0224273421053,10.5151581038918,10.4190967981643,10.4747683660448
"145","1610",1.0126020712572,5,NA,11.5565062894737,11.0237180486989,10.959671515563,10.9985104620255
"146","1611",0.994670506299898,5,NA,11.1114405,10.5746571341617,10.4823414005009,10.5360436338682
"147","1612",1.00769732298501,5,NA,11.0817694473684,10.9008882371389,10.8291093441804,10.8720137852576
"148","1613",0.951926769597394,5,NA,9.62788786842105,9.50422398791516,9.34452254269472,9.43365461297306
"149","1614",1.04651048861133,5,NA,12.1499273421053,11.8728879311836,11.8622981851127,11.8730307985906
"150","1615",0.960272393248075,5,NA,10.1026247105263,9.71322378229355,9.56667925388701,9.6488937238881
"151","1616",1.01608291871821,5,NA,11.3488089210526,11.1108890540145,11.052330094055,11.0882838024132
"152","1617",0.98308117649703,6,NA,10.4883483947368,10.2844250739626,10.1738387047535,10.2371472125484
"153","1618",0.981268004613356,6,NA,10.6663747105263,10.2390177363301,10.1255728927107,10.1903843197422
"154","1619",1.04664240045799,6,NA,12.4763089210526,11.8761914049542,11.8658096185596,11.8764328916856
"155","1620",0.962225628099276,6,NA,10.1026247105263,9.76213872254973,9.61867347851197,9.69926893254569
"156","1621",1.02970731114997,6,NA,11.9125589210526,11.4520852708527,11.4150052327051,11.4396658244781
"157","1622",1.01746955161447,6,NA,11.8235457631579,11.1456145583418,11.0892416319769,11.1240459748102
"158","1623",1.02598961722276,6,NA,11.5268352368421,11.3589829097985,11.3160419088533,11.3437840582927
"159","1624",0.925917313173537,6,NA,8.91578260526316,8.85286810703542,8.6521626255839,8.7628536626333
"160","1625",1.01555210725536,6,NA,11.3488089210526,11.0975959208427,11.0382001339961,11.0745938264317
"161","1626",0.920805347533441,6,NA,9.53887471052631,8.72484894245657,8.51608442198083,8.63101271395681
"162","1627",1.07020288410644,6,NA,12.5356510263158,12.4662175604687,12.4929789926559,12.4840732269658
"163","1628",1.04802213365913,6,NA,12.4763089210526,11.9107441199345,11.9025374897311,11.9120171164174
"164","1629",0.999436855477044,6,NA,11.3191378684211,10.6940210115249,10.6092194508312,10.6589709071483
"165","1630",1.03207181596631,6,NA,12.2389405,11.5112996616647,11.4779472770128,11.5006479554399
"166","1631",0.967196967491732,6,NA,10.4290062894737,9.88663617825803,9.75100827527205,9.82748303800707
"167","1632",1.01984642622755,6,NA,11.8532168157895,11.2051387264796,11.1525129546558,11.1853471309478
"168","1633",1.00380749825864,6,NA,11.3191378684211,10.8034751974418,10.7255639766326,10.7716926527977
"169","1634",0.955574024406618,6,NA,10.2213089210526,9.59556233925709,9.44161080921766,9.52771970807879
"170","1635",0.952186551395726,6,NA,10.5476905,9.51072971411455,9.35143781617943,9.44035455603845
"171","1636",0.920489875284928,6,NA,9.30150628947368,8.71694855803582,8.5076866940056,8.62287647763338
"172","1637",1.0113761537406,6,NA,11.3191378684211,10.9930173461968,10.9270381480544,10.9668932447422
"173","1638",0.99202160373392,6,NA,10.7553878684211,10.508320558875,10.4118288172647,10.4677266983022
"174","1639",1.01628311655676,6,NA,11.6751905,11.1159026166723,11.057659269592,11.0934470360528
"175","1640",1.05595576574645,6,NA,12.4763089210526,12.1094263927431,12.1137271726236,12.1166306945365
"176","1641",0.963709298312527,6,NA,10.3103220789474,9.7992943363749,9.6581681057401,9.7375337610304
"177","1642",0.929243129335442,6,NA,9.36084839473684,8.9361566571873,8.74069434130519,8.84862864407484
"178","1643",1.02801001855132,6,NA,11.6455194473684,11.409579902894,11.3698240746001,11.3958915344806
"179","1644",0.984602059913494,6,NA,10.9927562894737,10.3225126195577,10.2143239305498,10.2763717939658
"180","1645",1.03573059768886,6,NA,12.1499273421053,11.6029266819684,11.5753423847332,11.595010337205
"181","1646",0.920524376472106,6,NA,9.06413786842105,8.71781257267727,8.50860509993866,8.62376628589274
"182","1647",1.03818183112165,6,NA,12.0015720789474,11.664313021069,11.6405931054207,11.6582292561022
"183","1648",0.985350152423057,6,NA,10.7850589210526,10.3412471308679,10.2342378133881,10.2956655907365
"184","1649",1.02999537941709,6,NA,11.7938747105263,11.4592993762466,11.4226734791419,11.447095294137
"185","1650",1.05932829947688,6,NA,12.446637868421,12.1938848928741,12.203502488801,12.2036105527295
"186","1651",0.995754174720424,6,NA,10.8740720789474,10.6017954867335,10.5111881616782,10.5639921536103
"187","1652",0.983462696833824,6,NA,10.6070326052632,10.2939795033593,10.1839946028413,10.2469868724139
"188","1653",0.991080288991139,6,NA,10.5180194473684,10.4847471752764,10.3867714463352,10.4434495733314
"189","1654",0.935358708485224,6,NA,9.27183523684211,9.08930935593198,8.90348828071808,9.00635344380533
"190","1655",1.00249291949861,6,NA,11.3784799736842,10.7705541477946,10.6905704870917,10.7377888038608
"191","1656",0.97627127179271,6,NA,10.4290062894737,10.1138843519612,9.99256213442538,10.0615153011029
"192","1657",0.97387056481683,6,NA,10.4586773421053,10.0537633489873,9.92865640507294,9.99959949268831
"193","1658",0.993044769541577,6,NA,10.8147299736842,10.5339437420385,10.4390650263663,10.4941148159525
"194","1659",1.02074998825576,6,NA,11.5861773421053,11.2277666673032,11.1765653654698,11.208650588634
"195","1660",0.95064729081753,6,NA,9.83558523684211,9.4721819485067,9.31046339868433,9.40065601555964
"196","1661",0.971510723041516,6,NA,10.1322957631579,9.99466573490235,9.86583848879951,9.93873762461481
"197","1662",1.00212389795708,6,NA,11.2004536578947,10.761312726239,10.6807473012573,10.7282714961278
"198","1663",1.04791463259064,6,NA,12.4763089210526,11.9080519662799,11.8996758601122,11.9092445933115
"199","1664",0.991210214096586,7,NA,10.7553878684211,10.4880008950054,10.3902299936332,10.4468004270665
"200","1665",1.03243666430315,7,NA,11.7938747105263,11.5204365734847,11.4876593740339,11.5100576334852
"201","1666",0.974747252980866,7,NA,10.5476905,10.0757182865314,9.95199344582812,10.022209855781
"202","1667",0.993650558239976,7,NA,11.1114405,10.5491145331863,10.4551908463825,10.5097385040438
"203","1668",0.972726626293346,7,NA,10.6367036578947,10.0251156497623,9.89820528112815,9.97009656743765
"204","1669",0.96949939059538,7,NA,10.9037431315789,9.9442958542003,9.81229773258395,9.88686404085626
"205","1670",0.944801162948086,7,NA,10.0432826052632,9.32577712919476,9.15484212997552,9.24988054118128
"206","1671",0.965331477526495,7,NA,10.3696641842105,9.83991863676935,9.70134977965974,9.77937082754262
"207","1672",0.972783495662995,7,NA,10.3993352368421,10.0265398317121,9.89971911791944,9.97156326580242
"208","1673",0.937427044765953,8,NA,9.53887471052631,9.14110678599491,8.95854645312068,9.05969719386781
"209","1674",0.972875961919383,8,NA,10.5180194473684,10.0288554679522,9.90218052766846,9.97394803123729
"210","1675",1.00916686303126,8,NA,11.4081510263158,10.9376899886139,10.8682278327805,10.9099141874621
"211","1676",0.950892899394305,8,NA,9.89492734210526,9.47833273413905,9.31700138744836,9.40699042193967
"212","1677",0.99361441118548,8,NA,11.1114405,10.5482093010223,10.454228628209,10.5088062477862
"213","1678",1.02173832518013,8,NA,11.7938747105263,11.2525176293182,11.2028744455168,11.2341404465272
"214","1679",0.977225164907729,8,NA,10.6663747105263,10.1377727362501,10.0179543359111,10.0861168305486
"215","1680",0.9903808452729,8,NA,10.8444010263158,10.4672309776368,10.3681525722268,10.4254104608156
"216","1681",0.979852337725641,8,NA,10.7257168157895,10.2035651325673,10.0878884831229,10.1538733416514
"217","1682",0.993006036780789,8,NA,11.2894668157895,10.5329737559261,10.4380339778657,10.4931158726327
"218","1683",0.970724230199038,8,NA,10.5773615526316,9.97496956248453,9.84490240653955,9.91845345805737
"219","1684",1.01795401202739,8,NA,11.8828878684211,11.1577469202746,11.1021377481382,11.1365405267952
"220","1685",1.00008544717988,8,NA,11.0520983947368,10.7102637200631,10.6264846673853,10.6756985128142
"221","1686",0.988340062884993,8,NA,10.9334141842105,10.4161235808386,10.3138278719368,10.3727773437318
"222","1687",0.981101216038497,8,NA,10.6070326052632,10.2348408432291,10.1211330565995,10.1860827329386
"223","1688",0.947404633826677,8,NA,9.9839405,9.39097595687627,9.22414534232746,9.3170257637142
"224","1689",0.993853186444808,8,NA,11.0224273421053,10.5541889596063,10.4605847171661,10.5149644184248
"225","1690",1.03910370934367,8,NA,12.2389405,11.6873996550833,11.6651330849951,11.6820051004471
"226","1691",0.966384574128802,8,NA,10.4290062894737,9.86629137804732,9.72938273292107,9.80653088002949
"227","1692",1.03132153077938,8,NA,12.0015720789474,11.4925102390454,11.4579750260988,11.4812976080809
"228","1693",0.965436793843279,8,NA,10.4883483947368,9.84255607759748,9.7041532521803,9.78208700446818
"229","1694",1.03882682720576,8,NA,12.2982826052632,11.6804656843806,11.6577626082375,11.6748641284016
"230","1695",1.00178980396218,8,NA,11.2301247105263,10.752945996662,10.6718538708508,10.7196549927442
"231","1696",0.975217739201681,8,NA,10.2806510263158,10.0875006921998,9.96451757534228,10.0343440041808
"232","1697",0.968661683189933,8,NA,10.1619668157895,9.92331711338763,9.78999834191823,9.86525901710939
"233","1698",0.985196451013606,8,NA,10.5773615526316,10.3373979801854,10.2301463516761,10.2917015305175
"234","1699",0.98066775559119,8,NA,10.9037431315789,10.2239856755208,10.1095945363599,10.1749035035364
"235","1700",0.962817758328433,8,NA,10.2509799736842,9.7769674640937,9.63443571628032,9.71454035975165
"236","1701",0.973665930622917,8,NA,10.5773615526316,10.0486386865006,9.92320913577108,9.99432184253246
"237","1702",0.966426578645265,8,NA,10.2806510263158,9.86734329887089,9.73050087407185,9.80761420407529
"238","1703",0.972651521245119,8,NA,10.3993352368421,10.0232347909681,9.8962060188553,9.96815955895483
"239","1704",1.01516065701861,8,NA,11.5565062894737,11.0877928165554,11.0277799064814,11.0644980679298
"240","1705",0.986936488740807,8,NA,10.8147299736842,10.3809738161466,10.2764653656894,10.3365782454327
"241","1706",1.00023444183278,8,NA,11.0817694473684,10.7139949992487,10.6304508373755,10.6795411826928
"242","1707",0.974186252386822,8,NA,10.3399931315789,10.0616691257127,9.93705986480813,10.007741282294
"243","1708",1.02926493220818,8,NA,11.6158483947368,11.4410067569222,11.4032293061928,11.4282565812502
"244","1709",1.02429379431067,8,NA,11.4674931315789,11.3165143472602,11.2708998731369,11.3000476724758
"245","1710",0.984618274309257,8,NA,10.6960457631579,10.3229186773339,10.2147555504008,10.2767899738735
"246","1711",0.968793866671245,8,NA,10.2509799736842,9.92662738971576,9.79351700615607,9.86866811584018
"247","1712",1.00445121409754,8,NA,11.0520983947368,10.8195957995202,10.7426993999033,10.7882945067329
"248","1713",1.02070948962338,8,NA,11.8235457631579,11.2267524583961,11.1754873102692,11.2076061023268
"249","1714",1.00974804023625,8,NA,11.9125589210526,10.9522444331256,10.88369850602,10.9249031289865
"250","1715",0.986191325194919,8,NA,10.7850589210526,10.3623126549935,10.2566294505339,10.3173599885574
"251","1716",0.957770085703424,8,NA,9.92459839473684,9.65055839212096,9.50006896353849,9.58435757012771
"252","1717",1.01234508465605,8,NA,11.3191378684211,11.0172823227369,10.9528306489578,10.9918826089299
"253","1718",1.01707543920482,8,NA,11.5268352368421,11.1357447851497,11.0787505386287,11.113881557122
"254","1719",1.0028770001377,8,NA,11.0817694473684,10.7801726949463,10.7007945392638,10.7476944956026
"255","1720",1.04305975882463,8,NA,12.1202562894737,11.7864711640176,11.7704413254322,11.7840342127888
"256","1721",1.01667234619148,8,NA,11.4378220789474,11.1256501103322,11.0680203856891,11.1034855237711
"257","1722",1.0554558695687,8,NA,12.5949931315789,12.0969074723206,12.1004201634133,12.1037380440467
"258","1723",1.0143530289112,8,NA,11.4674931315789,11.0675673528336,11.0062812130682,11.0436688090194
"259","1724",1.05410739255566,8,NA,12.5356510263158,12.0631375073369,12.0645243177731,12.0689599369182
"260","1725",1.00619277394198,8,NA,11.1114405,10.8632097539255,10.7890589319861,10.8332104780506
"261","1726",1.0163565203202,8,NA,11.3191378684211,11.1177408701219,11.0596132444363,11.0953401672843
"262","1727",1.00038050244918,9,NA,11.1411115526316,10.7176528012385,10.6343389046469,10.6833081818448
"263","1728",1.02281573009372,10,NA,11.7642036578947,11.2794991246296,11.231554474984,11.2619274263146
"264","1729",1.04765717201999,10,NA,12.5653220789474,11.9016043706804,11.8928223766543,11.9026045162315
"265","1730",1.01809199398763,10,NA,11.4674931315789,11.1612024081476,11.1058107652515,11.1400991721028
"266","1731",0.979060924049076,10,NA,10.6960457631579,10.1837457275003,10.0668214104945,10.1334622635535
"267","1732",0.971017608782328,10,NA,10.3103220789474,9.9823166543436,9.852712011181,9.92601988425535
"268","1733",0.974868070772281,10,NA,10.5476905,10.0787439314227,9.95520956056294,10.0253258259104
"269","1734",0.978391095573807,11,NA,10.3103220789474,10.1669711856014,10.0489908807033,10.1161869475895
"270","1735",0.978488900406106,11,NA,10.3103220789474,10.1694205160164,10.0515944009185,10.1187093984006
"271","1736",0.972175542959082,12,NA,10.0729536578947,10.0113148472858,9.88353569305931,9.95588376658873
"272","1737",1.01440729985209,12,NA,11.4081510263158,11.0689264622258,11.0077258808662,11.0450684922013
"273","1738",0.970577373693195,12,NA,10.1026247105263,9.97129182900302,9.84099315305284,9.9146659323945
"274","1739",1.01253144376448,12,NA,11.3488089210526,11.0219493215105,10.9577914437842,10.9966889326378
"275","1740",1.00976829634711,12,NA,11.4081510263158,10.9527517077383,10.8842377144913,10.9254255473791
"276","1741",0.965905933057339,13,NA,9.9839405,9.85430475012064,9.71664152498642,9.79418641267975
"277","1742",1.02080470580348,13,NA,11.6158483947368,11.2291369610884,11.1780219217386,11.2100617900991
"278","1743",0.981366373862472,13,NA,10.3993352368421,10.2414812014585,10.1281914374452,10.1929213272334
"279","1744",1.01919350889175,13,NA,11.4674931315789,11.1887876909379,11.1351325917165,11.1685079643687
"280","1745",1.02480855806176,13,NA,11.5861773421053,11.3294055969302,11.2846026503972,11.3133237674394
"281","1746",0.997828324591564,13,NA,10.8740720789474,10.6537385067789,10.5664010892172,10.6174858399848
"282","1747",0.995909169862088,13,NA,10.8444010263158,10.6056770364048,10.5153140619541,10.5679895800321
"283","1748",1.00740253252766,13,NA,11.6158483947368,10.8935057876599,10.8212621560926,10.8644109459009
"284","1749",0.974452856998241,13,NA,10.4290062894737,10.0683457158992,9.94415675847847,10.0146171901865
"285","1750",1.02288355391583,13,NA,11.7938747105263,11.2811976393806,11.2333599143248,11.2636766471977
"286","1751",1.01995369834719,13,NA,11.7938747105263,11.2078251465584,11.1553684897599,11.1881137493124
"287","1752",0.965444241082213,13,NA,10.2509799736842,9.84274257910665,9.70435149429834,9.78227907364766
"288","1753",0.981020004328347,13,NA,10.4586773421053,10.2328070550507,10.1189712377598,10.1839882296372
"289","1754",0.977823632035718,13,NA,10.5773615526316,10.1527601730107,10.0338852590482,10.1015516905341
"290","1755",0.98456424440001,13,NA,10.6663747105263,10.3215656041071,10.2133172987558,10.275396507056
"291","1756",1.01889606526169,13,NA,11.5861773421053,11.1813387979463,11.1272147773763,11.1608366979468
"292","1757",1.00238111753633,13,NA,11.0520983947368,10.7677542866811,10.6875943696337,10.7349053578816
"293","1758",0.986285461630787,13,NA,10.6367036578947,10.3646701176066,10.2591353197021,10.3197878290172
"294","1759",1.01138554944822,13,NA,11.2004536578947,10.993252643287,10.927288257524,10.9671355662079
"295","1760",1.00146324010199,13,NA,11.0817694473684,10.7447678445565,10.6631608892104,10.7112326964767
"296","1761",0.980706559651713,13,NA,10.5773615526316,10.2249574471954,10.1106274828271,10.1759042857231
"297","1762",1.02343848758945,13,NA,11.6158483947368,11.2950948660629,11.2481319966784,11.2779887508252
"298","1763",0.977940612302752,13,NA,10.3993352368421,10.1556897146219,10.0369992206269,10.1045686883913
"299","1764",0.956010213781877,13,NA,9.59821681578947,9.60648584761965,9.45322197227993,9.53896931832375
"300","1765",0.992991113114176,13,NA,10.5180194473684,10.5326000219328,10.4376367166384,10.4927309814768
"301","1766",0.992291787543789,13,NA,10.9037431315789,10.5150867830747,10.4190209875722,10.4746949160717
"302","1767",1.01137383786941,13,NA,11.3191378684211,10.9929593497399,10.9269765006152,10.9668335169044
"303","1768",0.955267274004063,13,NA,9.83558523684211,9.58788037638133,9.43344525282056,9.51980841388648
"304","1769",0.981386362641884,13,NA,10.5180194473684,10.2419817812788,10.1287235296747,10.1934368509725
"305","1770",0.965181461844237,13,NA,10.6367036578947,9.83616178790367,9.69735643033168,9.77550182464673
"306","1771",0.989089662538256,13,NA,10.7553878684211,10.4348958356102,10.3337818742559,10.3921100107275
"307","1772",0.952193369621451,13,NA,9.92459839473684,9.51090046322023,9.35161931425156,9.44053040255449
"308","1773",1.06301836358768,13,NA,12.8323615526316,12.2862953193061,12.301730319489,12.2987797278174
"309","1774",0.981326368274638,13,NA,10.6367036578947,10.2404793398864,10.1271265068666,10.1918895568688
"310","1775",0.984265623824095,13,NA,10.4290062894737,10.3140872368123,10.2053681546514,10.2676948864281
"311","1776",0.98402710823944,13,NA,10.5180194473684,10.3081140812717,10.1990189781162,10.2615434129697
"312","1777",1.00819118341597,13,NA,11.2894668157895,10.9132560041078,10.8422556845526,10.8847507698767
"313","1778",0.999845100719986,13,NA,11.0817694473684,10.7042447138391,10.6200867537828,10.669499819882
"314","1779",1.03026672828978,13,NA,12.1202562894737,11.4660947771624,11.4298966628927,11.4540935596413
"315","1780",1.01437998141472,13,NA,11.5861773421053,11.0682423254815,11.0069986764707,11.0443639317732
"316","1781",0.983111743256545,13,NA,10.6070326052632,10.2851905585712,10.1746523780091,10.2379355493363
"317","1782",1.05221375588846,14,NA,12.5356510263158,12.0157150868402,12.0141165697383,12.0201218045386
"318","1783",0.986996102443314,15,NA,11.0224273421053,10.3824667245364,10.278052255375,10.3381157219429
"319","1784",0.991407954234486,15,NA,11.0817694473684,10.4929529093655,10.3954937462952,10.4519002749935
"320","1785",0.976536936876806,15,NA,10.6070326052632,10.1205374135266,9.99963401830509,10.0683669779692
"321","1786",1.01550462890328,15,NA,11.5565062894737,11.0964069185299,11.0369362818273,11.073369328573
"322","1787",0.978435739384649,16,NA,10.7553878684211,10.1680892023821,10.0501792786718,10.1173383407694
"323","1788",1.0125738461034,16,NA,11.5565062894737,11.023011205018,10.9589201747881,10.9977825167858
"324","1789",0.984392751048801,16,NA,10.8740720789474,10.3172708890995,10.2087522236349,10.2709735809827
"325","1790",1.01313992666106,16,NA,11.4674931315789,11.0371875835734,10.9739889821323,11.0123821058683
"326","1791",0.970207857983885,16,NA,10.4290062894737,9.96203803198341,9.83115681269648,9.90513587975013
"327","1792",1.06614025397179,16,NA,12.8620326052632,12.3644769478653,12.3848336236238,12.3792953296198
"328","1793",1.02914822450445,16,NA,11.8532168157895,11.4380840411251,11.4001226001256,11.4252466129796
"329","1794",1.00889182143838,17,NA,11.3191378684211,10.9308021107556,10.8609063504956,10.9028206842808
"330","1795",1.05030457215939,17,NA,12.2389405,11.9679033206369,11.9632949659774,11.9708827032301
"331","1796",1.0242549774357,17,NA,11.5268352368421,11.3155422546729,11.2698665855548,11.299046559796
"332","1797",1.0045198598843,17,NA,11.2004536578947,10.8213148987653,10.7445267195695,10.7900649266235
"333","1798",1.02328784816504,17,NA,11.8532168157895,11.2913223967971,11.2441220436177,11.2741036612101
"334","1799",1.01507961155707,17,NA,11.5268352368421,11.0857631917477,11.0256225131042,11.0624078522891
"335","1800",0.989239821791211,18,NA,10.6070326052632,10.4386562799227,10.3377790453707,10.3959827164059
"336","1801",1.0311102457523,18,NA,12.0905852368421,11.4872190194719,11.4523507146388,11.475848428573
"337","1802",1.00457634484736,18,NA,11.3191378684211,10.8227294540052,10.746030323632,10.7915217108901
"338","1803",0.994157981577524,18,NA,10.9927562894737,10.5618219565796,10.4686982251681,10.5228252849248
"339","1804",1.01228436744252,18,NA,11.4971641842105,11.0157617790754,10.9512143843099,10.9903166721461
"340","1805",1.00253029176418,18,NA,11.0817694473684,10.7714900629698,10.6915653198278,10.7387526591162
"341","1806",1.03334897500582,18,NA,12.0609141842105,11.5432836077206,11.5119446705886,11.5335867252272
"342","1807",0.962599468398655,19,NA,10.1619668157895,9.7715008204553,9.62862493749186,9.70891051920603
"343","1808",1.00874267241717,19,NA,11.5565062894737,10.927066965718,10.856936071291,10.8989740331421
"344","1809",0.964280544412431,19,NA,10.1619668157895,9.81360007581593,9.67337441747283,9.75226657283736
"345","1810",0.975490673549543,20,NA,10.5773615526316,10.094335798235,9.97178296372191,10.0413831601302
"346","1811",0.983335943159188,21,NA,10.7257168157895,10.2908052059017,10.180620477591,10.2437178119606
"347","1812",0.990823823751214,21,NA,10.8444010263158,10.4783245057848,10.379944458129,10.4368351664838
"348","1813",0.979475820749208,21,NA,10.5476905,10.1941360025289,10.0778657722155,10.1441627217332
"349","1814",1.02114345081458,21,NA,11.7048615526316,11.2376201662543,11.1870391600839,11.2187982462427
"350","1815",1.01623713767947,21,NA,11.6455194473684,11.1147511657679,11.0564353327609,11.0922612106328
"351","1816",0.994154274134512,21,NA,10.8147299736842,10.5617291109326,10.468599534719,10.5227296675364
"352","1817",0.934502072909403,21,NA,9.27183523684211,9.06785659617457,8.88068503075375,8.98426025012257
"353","1818",1.00367212469054,21,NA,11.0520983947368,10.8000850316398,10.7219603937333,10.7682012796351
"354","1819",0.971453647805422,21,NA,10.1916378684211,9.99323639743075,9.86431917193693,9.9372656168193
"355","1820",0.988529988164511,21,NA,10.8740720789474,10.4208798873806,10.3188835966179,10.3776756413324
"356","1821",1.02878914779206,21,NA,11.8828878684211,11.4290916683322,11.3905641411261,11.4159857889166
"357","1822",0.946516132888692,21,NA,9.65755892105263,9.36872519155107,9.20049385089486,9.29411074142904
"358","1823",1.0305590708595,21,NA,11.9422299736842,11.4734159240911,11.4376786893233,11.4616332663693
"359","1824",1.03417862052757,21,NA,12.1499273421053,11.5640604544502,11.5340294575718,11.5549838277028
"360","1825",1.02322257829544,21,NA,11.6158483947368,11.2896878407834,11.2423845893329,11.2724203084384
"361","1826",0.959400502543795,21,NA,10.1026247105263,9.69138898773029,9.54346991933163,9.62640709043094
"362","1827",1.00379115115861,21,NA,11.2597957631579,10.8030658163473,10.7251288242543,10.7712710503599
"363","1828",1.05018287428932,21,NA,12.5059799736842,11.9648556358999,11.9600554239485,11.9677440352946
"364","1829",1.02656693431393,21,NA,11.9125589210526,11.373440685322,11.3314098276162,11.3586734449485
"365","1830",1.02691805714952,21,NA,11.7938747105263,11.3822338688529,11.3407565580277,11.367729133309
"366","1831",0.995405755992497,21,NA,10.8740720789474,10.5930700222815,10.5019134133845,10.5550062059611
"367","1832",0.961410002911681,21,NA,10.0136115526316,9.74171298762181,9.59696190645627,9.67823342368909
"368","1833",0.984846621738411,21,NA,10.6960457631579,10.3286371913404,10.2208340552548,10.2826792039285
"369","1834",0.962735409294579,21,NA,9.83558523684211,9.77490519387123,9.63224362240015,9.71241652412554
"370","1835",0.936954139743613,22,NA,9.36084839473684,9.12926380618102,8.94595793620851,9.04750066298934
"371","1836",0.987552975847353,22,NA,10.7850589210526,10.3964125279671,10.2928759724715,10.3524778524911
"372","1837",1.01063260908283,22,NA,11.5268352368421,10.974396726925,10.9072453269654,10.947716740054
"373","1838",0.991139692904117,22,NA,11.1114405,10.4862348298985,10.3883527515188,10.444981639232
"374","1839",1.01714713209899,22,NA,11.5565062894737,11.1375401932304,11.0806589709103,11.1157305639125
"375","1840",0.932525170143137,22,NA,9.24216418421052,9.0183489393535,8.82806077697916,8.93327463040295
"376","1841",1.02355896198671,22,NA,11.7048615526316,11.2981119113203,11.2513389704168,11.2810958645941
"377","1842",0.934655959832596,22,NA,9.21249313157895,9.07171039268531,8.88478143075728,8.98822909486275
"378","1843",0.939936322908309,22,NA,9.65755892105263,9.20394674113092,9.02534229761424,9.1244131239176
"379","1844",1.01572633421589,22,NA,11.3784799736842,11.1019590937402,11.0428379765555,11.0790872540833
"380","1845",1.00973261857773,22,NA,11.1707826052632,10.9518582279008,10.8832879884746,10.9245053942928
"381","1846",0.968672423622521,22,NA,10.0729536578947,9.92358608648016,9.79028424735566,9.86553601991443
"382","1847",1.00068287407195,23,NA,11.1411115526316,10.7252251061531,10.6423878999149,10.6911065444329
"383","1848",0.992719254229259,23,NA,10.9334141842105,10.5257918487602,10.4303999565939,10.4857195624226
"384","1849",1.00890098124876,23,NA,11.3784799736842,10.9310315002615,10.8611501804877,10.9030569218018
"385","1850",0.994002295995869,23,NA,10.7850589210526,10.5579231161914,10.4645539456933,10.5188100516024
"386","1851",1.01516708919653,23,NA,11.6455194473684,11.0879538978501,11.0279511281364,11.0646639580196
"387","1852",0.979058120633301,23,NA,10.6367036578947,10.1836755214444,10.0667467848398,10.1333899616209
"388","1853",1.0149570495169,23,NA,11.6751905,11.0826938655635,11.0223599672597,11.0592468968396
"389","1854",0.955633753399939,23,NA,9.77624313157895,9.59705813487943,9.44320076789232,9.52926015801474
"390","1855",0.994833061128676,23,NA,10.9927562894737,10.5787280013864,10.4866685362143,10.5402360295819
"391","1856",1.01361935424454,23,NA,11.4378220789474,11.0491939081526,10.9867511266596,11.024746857879
"392","1857",0.958519426244628,23,NA,9.77624313157895,9.66932415793863,9.52001606841224,9.60368355445343
"393","1858",0.985607707760759,23,NA,10.4290062894737,10.3476970997227,10.241093819502,10.3023081119211
"394","1859",1.03802683904399,23,NA,11.8532168157895,11.6604315481299,11.6364672867073,11.6542319087032
"395","1860",1.00970314532907,23,NA,11.0520983947368,10.9511201281293,10.8825034239813,10.9237452598675
"396","1861",0.951983004785491,23,NA,9.80591418421053,9.50563228803041,9.34601949786114,9.43510495537943
"397","1862",0.976799279631158,23,NA,10.3696641842105,10.1271072738523,10.0066174632759,10.075132969771
"398","1863",0.96764593139096,23,NA,10.1322957631579,9.89787959954677,9.76295949036049,9.83906211160869
"399","1864",0.98214070883215,23,NA,10.3103220789474,10.2608729037706,10.148803882653,10.2128919342725
"400","1865",0.951438663793105,23,NA,9.44986155263158,9.49200033429724,9.33152938787087,9.42106604395231
"401","1866",1.02982119008959,23,NA,11.7048615526316,11.4549371457947,11.4180366383567,11.4426028370661
"402","1867",0.978073634219956,23,NA,10.2806510263158,10.1590209879344,10.0405402036474,10.107999410934
"403","1868",1.03645489139705,23,NA,11.8532168157895,11.6210651989227,11.5946227542879,11.61369034727
"404","1869",1.01811914998445,23,NA,11.3784799736842,11.1618824768865,11.1065336455531,11.1407995430824
"405","1870",1.03368830567857,23,NA,11.9422299736842,11.5517814796353,11.5209774989811,11.5423382859693
"406","1871",1.00591634814367,23,NA,10.9927562894737,10.8562872113541,10.7817006027814,10.8260812753029
"407","1872",1.05982506079324,23,NA,12.3872957631579,12.2063253068349,12.2167260494252,12.2164223530871
"408","1873",1.03098845292552,23,NA,11.6158483947368,11.4841689567301,11.4491086449054,11.4727073116416
"409","1874",1.03683602104451,23,NA,11.7938747105263,11.6306098442702,11.6047682524029,11.6235199310009
"410","1875",0.997403523524098,23,NA,10.9334141842105,10.6431001962741,10.555093077736,10.6065299416716
"411","1876",1.01191782259745,23,NA,11.0224273421053,11.0065823815305,10.9414571270104,10.9808632400402
"412","1877",1.03489637498228,23,NA,11.6455194473684,11.582035208612,11.5531357551686,11.5734951861288
"413","1878",0.999670678036576,23,NA,10.6663747105263,10.6998766394454,10.6154437011691,10.6650013444088
"414","1879",1.03910245857306,23,NA,11.8532168157895,11.6873683319838,11.6650997900496,11.6819728422523
"415","1880",1.00154885618109,23,NA,10.6663747105263,10.7469119315266,10.6654399503511,10.7134407913437
"416","1881",1.02837462213356,23,NA,11.7345326052632,11.4187106853145,11.3795296563649,11.4052949001441
"417","1882",1.01147716585769,23,NA,11.3488089210526,10.9955469967761,10.9297270447342,10.9694984135331
"418","1883",1.01781329985227,23,NA,11.5565062894737,11.1542230595186,11.0983920539446,11.1329114674539
"419","1884",0.925717187535251,23,NA,8.8564405,8.84785635249169,8.64683537198516,8.75769229108589
"420","1885",0.999662940899692,23,NA,10.9630852368421,10.69968287801,10.6152377420993,10.664801798571
"421","1886",0.987874087247544,23,NA,10.6960457631579,10.4044541338939,10.3014238121032,10.3607595262371
"422","1887",0.989608834303058,23,NA,10.7257168157895,10.4478974753477,10.3476019908391,10.4054997912575
"423","1888",1.01089067375986,23,NA,11.4081510263158,10.9808594511854,10.9141148914609,10.954372397434
"424","1889",1.00254227097456,23,NA,11.0224273421053,10.7717900588253,10.6918842009674,10.7390616108135
"425","1890",1.02079224600025,23,NA,11.5565062894737,11.2288249297265,11.1776902474355,11.2097404435967
"426","1891",0.96862488341521,23,NA,10.0729536578947,9.92239553512433,9.78901874862872,9.86430992676879
"427","1892",1.03375900604311,23,NA,11.8532168157895,11.5535520317557,11.5228595105746,11.544161694769
"428","1893",0.988895665959557,23,NA,10.4883483947368,10.4300375713563,10.3286177734396,10.3871067116492
"429","1894",1.03207242941742,23,NA,11.6455194473684,11.511315024346,11.4779636068028,11.5006637767466
"430","1895",0.967562996397443,23,NA,10.2509799736842,9.89580265511249,9.76075179850022,9.83692316369832
"431","1896",1.03051071946003,23,NA,11.7938747105263,11.472205058017,11.4363915970296,11.4603862520456
"432","1897",1.00400226392214,23,NA,10.9927562894737,10.8083527219178,10.7307485501369,10.7767157870778
"433","1898",0.973408566914507,23,NA,9.9839405,10.042193516626,9.91635823074181,9.98768426359303
"434","1899",1.01774824239176,23,NA,11.2894668157895,11.1525938228745,11.0966602538934,11.1312335928523
"435","1900",0.978537568216599,23,NA,10.1916378684211,10.1706393059849,10.05288991593,10.1199645731724
"436","1901",1.02102745683278,23,NA,11.5565062894737,11.2347153242244,11.1839514529701,11.2158066853289
"437","1902",0.989928179311036,23,NA,10.8147299736842,10.4558948454421,10.3561028099124,10.4137359085891
"438","1903",1.00198623161732,23,NA,10.9630852368421,10.7578651424624,10.6770826858176,10.7247209908793
"439","1904",0.980691063760298,23,NA,10.5773615526316,10.224569382953,10.1102149892355,10.1755046365141
"440","1905",1.00332828933127,23,NA,11.0817694473684,10.7914743486764,10.7128076526316,10.7593335400714
"441","1906",1.00393150127299,23,NA,11.0817694473684,10.8065806100013,10.7288648805553,10.774890771917
"442","1907",0.996913833478394,23,NA,10.8740720789474,10.6308368684336,10.5420577511252,10.593900514025
"443","1908",1.01767224199164,23,NA,11.5861773421053,11.1506905417462,11.0946371577597,11.1292734926564
"444","1909",1.02590063293299,23,NA,11.3784799736842,11.3567544725906,11.3136731874741,11.3414890950618
"445","1910",0.999022810413024,23,NA,10.6960457631579,10.6836520640542,10.5981977592766,10.6482924132228
"446","1911",0.971395302070259,23,NA,9.86525628947368,9.99177524279902,9.86276603496618,9.93576084201903
"447","1912",1.03003213054183,23,NA,11.6158483947368,11.4602197361665,11.423651777391,11.4480431297627
"448","1913",1.0291864910448,23,NA,11.6751905,11.4390423516599,11.4011412380498,11.4262335321682
"449","1914",0.951831430523797,23,NA,9.77624313157895,9.50183640759617,9.34198465985636,9.43119575569702
"450","1915",0.959311419639124,23,NA,9.86525628947368,9.68915808090557,9.54109857286868,9.62410958385724
"451","1916",1.02851942314926,23,NA,11.9125589210526,11.4223369430721,11.3833841936374,11.4090294133671
"452","1917",0.998494119252481,23,NA,10.7553878684211,10.6704120296999,10.5841242407022,10.6346571212294
"453","1918",0.993232722562914,23,NA,10.7553878684211,10.5386506572382,10.4440682504304,10.4989622477203
"454","1919",0.967196121622671,23,NA,9.9839405,9.88661499512452,9.7509857586218,9.82746122248885
"455","1920",1.03667256597736,23,NA,11.9719010263158,11.6265164323393,11.6004171527531,11.619304317549
"456","1921",1.01860389133795,23,NA,11.3191378684211,11.1740218744258,11.1194372402251,11.1533013407094
"457","1922",0.980087135207956,22,NA,10.4586773421053,10.209445175519,10.0941386854625,10.1599289228103
"458","1923",0.986021575974456,22,NA,10.5180194473684,10.3580616183235,10.2521108033813,10.3129820447607
"459","1924",1.00385034738061,22,NA,10.9927562894737,10.8045482697556,10.7267046007983,10.7727977597737
"460","1925",1.00232346602571,22,NA,11.0520983947368,10.766310517543,10.686059712605,10.7334184875879
"461","1926",0.970649803471499,22,NA,10.3103220789474,9.97310569090311,9.84292120085538,9.91653394391029
"462","1927",0.986604438036932,22,NA,10.5476905,10.3726582567902,10.267626326762,10.3280144398656
"463","1928",0.973163990349476,22,NA,10.1619668157895,10.036068575706,9.90984771366171,9.98137647347317
"464","1929",1.02734857565878,22,NA,11.5861773421053,11.3930153614862,11.3522167652125,11.3788324881981
"465","1930",1.02070674199621,22,NA,11.7048615526316,11.2266836494567,11.175414169682,11.2075352392191
"466","1931",1.00254051045268,22,NA,11.0520983947368,10.7717459700037,10.6918373366745,10.7390162057987
"467","1932",0.997507474281348,22,NA,10.9334141842105,10.645703439339,10.557860199682,10.6092108999206
"468","1933",0.960461866667497,22,NA,9.89492734210526,9.71796877288464,9.57172295025758,9.65378036772029
"469","1934",1.00106506670847,22,NA,10.9037431315789,10.7347963719791,10.6525616943159,10.7009635433493
"470","1935",1.03970162455752,22,NA,11.9422299736842,11.7023732702356,11.6810493164287,11.6974257262049
"471","1936",0.988644521530279,22,NA,10.7553878684211,10.4237481511434,10.3219324227962,10.3806295320001
"472","1937",1.02447509519751,22,NA,11.5861773421053,11.3210546727837,11.2757260204019,11.3047235413295
"473","1938",1.03268092624815,22,NA,11.7938747105263,11.5265536353623,11.4941615160716,11.5163573093479
"474","1939",0.980569705623098,22,NA,10.4883483947368,10.2215302061601,10.1069844907413,10.1723747305123
"475","1940",1.06240459504309,22,NA,12.5949931315789,12.270924688544,12.2853920795915,12.2829502342559
"476","1941",1.01495541591915,22,NA,11.4378220789474,11.0826529553084,11.0223164816297,11.0592047652817
"477","1942",1.01843281296012,22,NA,11.4971641842105,11.1697375516134,11.114883211507,11.1488891170718
"478","1943",0.99467682957013,22,NA,10.9630852368421,10.5748154880767,10.4825097230826,10.5362067151573
"479","1944",0.987637201593494,22,NA,10.6663747105263,10.3985217967721,10.2951180235804,10.3546500897588
"480","1945",0.995415014489424,22,NA,10.8740720789474,10.5933018831986,10.5021598703677,10.5552449886729
"481","1946",1.02359522655898,22,NA,11.5268352368421,11.2990200864867,11.2523043168602,11.2820311517123
"482","1947",0.988812206786655,22,NA,10.6070326052632,10.4279474998763,10.3263961281622,10.3849542448084
"483","1948",1.02538696655216,22,NA,11.6158483947368,11.3438907044092,11.2999996217118,11.3282413019976
"484","1949",0.962560097725386,22,NA,10.1619668157895,9.77051485907456,9.62757690805069,9.70789512370472
"485","1950",0.998827066199357,22,NA,10.9927562894737,10.6787500337064,10.5929871372113,10.6432440414917
"486","1951",1.04313861222414,22,11.3,12.0015720789474,11.7884458929262,11.7725403671138,11.7860678937111
"487","1952",1.0483858754161,22,11.625,12.1202562894737,11.9198533196296,11.9122201300986,11.9213982550418
"488","1953",1.02060711967707,22,10.85,11.2894668157895,11.2241888036444,11.1727622687926,11.2049659142295
"489","1954",1.0442634547499,22,12.225,11.8532168157895,11.8166153702995,11.8024831642723,11.8150783206486
"490","1955",1.01271019515548,22,11.525,11.2894668157895,11.0264257999053,10.9625497246278,11.0012990483204
"491","1956",0.978853140400435,22,10.025,10.2806510263158,10.17854219309,10.0612903041382,10.1281033868934
"492","1957",1.06491750836472,22,12.45,12.4169668157895,12.3338556796231,12.3522846909063,12.3477599179648
"493","1958",1.01771198315202,22,10.65,11.2004536578947,11.1516857812509,11.0956950493996,11.1302984432636
"494","1959",0.970849496771585,22,10.1,10.0136115526316,9.97810661838361,9.84823694580758,9.92168416517178
"495","1960",1.03184189503181,21,10.75,11.6158483947368,11.5055417422995,11.4718268861612,11.4947181436495
"496","1961",1.03538475559052,21,10.8,11.7048615526316,11.5942657441565,11.5661362251489,11.5860908425238
"497","1962",1.08325530559035,20,12.475,12.7433483947368,12.7930898854692,12.8404285244502,12.8207037429196
"498","1963",1.01782894597217,20,10.975,11.2301247105263,11.1546148859391,11.0988085465502,11.1333149911541
"499","1964",1.00066106853414,20,11,10.5476905,10.7246790291779,10.6418074464019,10.6905441653024
"500","1965",1.05317777927772,20,11.7,11.9422299736842,12.0398571640009,12.0397784345231,12.0449846004049
"501","1966",1.04415493709538,20,11.775,11.9422299736842,11.8138977582394,11.7995944735951,11.8122795791218
"502","1967",0.986616502173009,20,9.9,10.2213089210526,10.3729603794434,10.2679474685851,10.3283255818523
"503","1968",1.02462746060699,20,11.1,11.2894668157895,11.3248703659642,11.2797819184013,11.3086531452323
"504","1969",1.01228220255051,20,11.625,10.9334141842105,11.0157075635964,10.951156755868,10.9902608381606
"505","1970",0.997253007292127,20,10.75,10.6960457631579,10.6393308121215,10.5510864040019,10.6026480292701
"506","1971",1.05024215866644,20,11.9,11.9422299736842,11.9663402969805,11.9616335471418,11.9692730182869
"507","1972",1.0409434485701,20,12.4,11.7938747105263,11.7334723197671,11.7141061076359,11.7294531824584
"508","1973",0.996952889976497,20,10.55,10.6367036578947,10.6318149619129,10.5430974173662,10.5949078067426
"509","1974",0.997160097875575,20,10.925,10.6663747105263,10.6370040778032,10.5486131975306,10.6002518344437
"510","1975",1.03447375042578,20,12.025,11.5565062894737,11.5714514045603,11.5418856814209,11.5625954214617
"511","1976",0.985218161319818,20,10.65,10.3103220789474,10.3379416722718,10.2307242701672,10.2922614535624
"512","1977",1.02626897849978,20,11.05,11.1707826052632,11.3659789656833,11.3234783791681,11.3509889689628
"513","1978",0.963361597834982,20,10.9,9.89492734210526,9.79058685909654,9.64891247694537,9.72856633752991
"514","1979",1.04837285122618,20,12.05,11.7345326052632,11.9195271543087,11.9118734320782,11.9210623526363
"515","1980",1.03059626979105,20,11.775,11.3488089210526,11.4743474984552,11.4386689079862,11.4625926512265
"516","1981",0.994099312525267,20,11.8,10.5180194473684,10.5603527051046,10.4671364816432,10.5213121715644
"517","1982",0.998877818708946,20,10.45,10.5773615526316,10.6800210308796,10.594338145966,10.6445529820212
"518","1983",1.0120219182799,20,10.7,10.9927562894737,11.0091892539632,10.9442281067994,10.9835479360054
"519","1984",0.975221135316525,20,10.975,9.9839405,10.0875857412428,9.96460797837698,10.0344315922113
"520","1985",1.0532062290998,20,11.1,11.9719010263158,12.0405696340587,12.0405357558656,12.0457183399871
"521","1986",1.07143888193715,20,12.225,12.3576247105263,12.4971707046892,12.5258806935477,12.5159504221653
"522","1987",0.994215488757557,20,11.125,10.3696641842105,10.5632621112409,10.4702290401822,10.5243084328379
"523","1988",1.03860566962138,20,11.05,11.4971641842105,11.6749272259506,11.6518754937858,11.6691603291617
"524","1989",1.04006070466658,20,11.675,11.6751905,11.7113657280913,11.690607865846,11.7066866378702
"525","1990",0.998615370107224,20,11.1,10.6663747105263,10.6734485198138,10.5873518833862,10.6377842603462
"526","1991",1.04894704754621,20,11.875,11.8532168157895,11.933906776233,11.9271582773307,11.9358712525565
"527","1992",1.02060085403399,20,10.325,11.1114405,11.2240318928885,11.1725954802195,11.2048043191825
"528","1993",1.02828604901699,20,10.95,11.4378220789474,11.416492545134,11.3771718802296,11.4030105413401
"529","1994",1.03722424317871,20,11.75,11.5861773421053,11.6403321070535,11.6151025492939,11.6335324346197
"530","1995",1.02316856849402,20,11.375,11.4081510263158,11.2883352711177,11.2409468729491,11.271027360215
"531","1996",1.01670573540054,20,11.225,11.1411115526316,11.12648627766,11.0689091912696,11.1043466533849
"532","1997",1.02595922645556,20,10.65,11.1114405,11.3582218325724,11.315232920433,11.3430002604619
"533","1998",1.07411351613252,19,13.25,12.5949931315789,12.5641516782231,12.5970782410716,12.5849309933401
"534","1999",1.02557034121188,19,12.125,11.3784799736842,11.3484829635116,11.304880971869,11.3329706548147
"535","2000",1.07708744221368,19,12.475,12.4763089210526,12.6386278306921,12.6762428026636,12.661630498665
"536","2001",1.07013568142772,19,12.325,12.4763089210526,12.4645346010371,12.4911900878701,12.4823400257785
"537","2002",1.01446683847227,19,11.525,11.0224273421053,11.0704174903258,11.0093107718943,11.046604032289
"538","2003",1.04246568140489,19,11.05,11.6158483947368,11.7715936589003,11.754627254335,11.7687125662599
"539","2004",1.0532811250289,19,11.4,11.7642036578947,12.0424452558741,12.0425294514824,12.0476499551504
"540","2005",1.05691507844326,19,11.75,12.0609141842105,12.1334504998406,12.1392636409153,12.1413719985534
"541","2006",1.07618836437577,19,13.2,12.6246641842105,12.6161121876297,12.6523097589589,12.6384426911895
"542","2007",1.07409210026641,19,12.7,12.7433483947368,12.5636153598123,12.5965081604424,12.5843786640986
"543","2008",1.08788065799614,17,11.975,13.0994010263158,12.908922774921,12.9635533047643,12.9399946169345
"544","2009",1.00624594732146,17,10.825,10.8444010263158,10.8645413770424,10.7904743831977,10.8345818544033
"545","2010",1.11193023189074,17,13.95,13.7521641842105,13.5111972374712,13.6037420390796,13.560248910637
"546","2011",1.03945110179723,17,12.05,11.6751905,11.6960994185045,11.6743805143314,11.690964579807
